shop_name,city,address,lat,lon,tiktok_url
Sun World Ba Na Hills,Da Nang,"Hòa Ninh, Hòa Vang, Đà Nẵng",15.996,107.996,https://www.tiktok.com/@marveatsmelb/video/7359631900803157265
Sky 36 Bar,Da Nang,"36 Bạch Đằng, Hải Châu, Đà Nẵng",16.072,108.224,https://www.tiktok.com/@gocnhoannhieu.dng/photo/7490529797416701192
Chợ Hàn,Da Nang,"119 Trần Phú, Hải Châu, Đà Nẵng",16.068,108.224,https://www.tiktok.com/@cogaibienkhoi/photo/7394414346027142408
Làng Nước Mắm Nam Ô,Da Nang,"Nam Ô, Liên Chiểu, Đà Nẵng",16.1,108.13,https://www.tiktok.com/@hoaithanh.luong/video/7263485319570345223
Hải Sản Khô / Ốc Ly Pé,Da Nang,"05 An Trung Đông 3, Sơn Trà, Đà Nẵng",16.06,108.235,https://www.tiktok.com/@oclype79/video/7574084388439313685
Chả Bò Bà Hường,Da Nang,"4 Hoàng Diệu, Hải Châu, Đà Nẵng",16.065,108.22,https://www.tiktok.com/@danangdidaudo43/photo/7355368416439536913
Mắm Dì Cẩn,Da Nang,"Lô 105 Chợ Hàn, Đà Nẵng",16.068,108.224,https://www.tiktok.com/@mamdican_dacsandanang/video/7479995560708115730
Bò Khô Hương Đà,Da Nang,"Ngã 3 Võ Văn Kiệt & Hồ Nghinh, Đà Nẵng",16.062,108.24,https://www.tiktok.com/@kenhcuatienn/video/7303157669710269698
Mực Rim Đà Nẵng,Da Nang,"70-72 Võ Văn Kiệt, Sơn Trà, Đà Nẵng",16.06,108.24,https://www.tiktok.com/@danangdidaudo43/photo/7356568808800242945
Bánh Dừa Nướng Thái Bình,Da Nang,"Đặc Sản Miền Trung, Đà Nẵng",16.054,108.202,https://www.tiktok.com/@kenhcuatienn/video/7381732871892913429
Bánh Khô Mè Bà Liễu,Da Nang,"Cẩm Lệ, Đà Nẵng",16.02,108.2,https://www.tiktok.com/@banhkhome1945/video/7561799983058603284
Đặc Sản Làm Quà,Da Nang,"23 An Thượng 26, Ngũ Hành Sơn, Đà Nẵng",16.05,108.245,https://www.tiktok.com/@dacsandananglamquahanigo/video/7398748757841497352
Dâu Ngọt Café 'n' Souvenir,Da Nang,"92 Dương Đình Nghệ, Sơn Trà, Đà Nẵng",16.065,108.238,https://www.tiktok.com/@daungot_handmade/video/7412605264009940241
Leaf Craft,Da Nang,"Online / Contact Shop, Đà Nẵng",16.054,108.202,https://www.tiktok.com/@leafcraft_lala/photo/7559234520864558354
ViGift - Đặc Sản Đà Nẵng,Da Nang,"70-72 Võ Văn Kiệt, Sơn Trà, Đà Nẵng",16.06,108.24,https://www.tiktok.com/@dacsandananglamquavigift/video/7490192996336504119
Bánh Xèo Bà Dưỡng,Da Nang,"K280/23 Hoàng Diệu, Hải Châu, Đà Nẵng",16.062,108.217,https://www.tiktok.com/tag/banhxeobaduong
Chè Sầu Liên,Da Nang,"189 Hoàng Diệu, Hải Châu, Đà Nẵng",16.06,108.218,https://www.tiktok.com/tag/cheliendanang
Cầu Rồng,Da Nang,"Sông Hàn, Hải Châu, Đà Nẵng",16.061,108.227,https://www.tiktok.com/tag/caurongdanang
Mỳ Quảng Ếch Bếp Trang,Da Nang,"441 Ông Ích Khiêm, Hải Châu, Đà Nẵng",16.068,108.212,https://www.tiktok.com/tag/myquangbeptrang
Phố Cổ Hội An,Quang Nam,"Phường Minh An, Hội An, Quảng Nam",15.88,108.338,https://www.tiktok.com/@alex_onthego/video/7254506620074446086
Thánh Địa Mỹ Sơn,Quang Nam,"Duy Phú, Duy Xuyên, Quảng Nam",15.79,108.107,https://www.tiktok.com/@vand.magazine/photo/7530881629598813448
Rừng Dừa Bảy Mẫu,Quang Nam,"Cẩm Thanh, Hội An, Quảng Nam",15.87,108.37,https://www.tiktok.com/@hanigotravel/video/7493481675679206674
Làng Rau Trà Quế,Quang Nam,"Cẩm Hà, Hội An, Quảng Nam",15.9,108.33,https://www.tiktok.com/@honeyhiu/video/7519471070684941575
Làng Gốm Thanh Hà,Quang Nam,"Phạm Phán, Thanh Hà, Hội An, Quảng Nam",15.884,108.315,https://www.tiktok.com/@may.craft_/video/7541571589230398741
Bánh Mì Phượng,Quang Nam,"2B Phan Chu Trinh, Hội An, Quảng Nam",15.877,108.329,https://www.tiktok.com/tag/banhmiphuong
Nước Mót Hội An,Quang Nam,"150 Trần Phú, Hội An, Quảng Nam",15.877,108.327,https://www.tiktok.com/tag/nuocmothoian
Cơm Gà Bà Buội,Quang Nam,"22 Phan Chu Trinh, Hội An, Quảng Nam",15.878,108.329,https://www.tiktok.com/tag/comgababuoi
Làng Bích Họa Tam Thanh,Quang Nam,"Tam Thanh, Tam Kỳ, Quảng Nam",15.59,108.48,https://www.tiktok.com/tag/langbichhoatamthanh
Gạo Retreat,Quang Ngai,"Xóm 5, Thôn Thọ Đông, Tịnh Thọ, Sơn Tịnh, Quảng Ngãi",15.2,108.7,https://www.tiktok.com/@quangngaitutrencao/video/7471229658017631496
Đảo Lý Sơn,Quang Ngai,"Huyện đảo Lý Sơn, Quảng Ngãi",15.38,109.117,https://www.tiktok.com/@vtv24news/video/7351299862052359431
Biển Mỹ Khê Quảng Ngãi,Quang Ngai,"Tịnh Khê, Sơn Tịnh, Quảng Ngãi",15.14,108.85,https://www.tiktok.com/@celeb.43/video/7483445413475798273
Don Cô Thọ,Quang Ngai,"Nghĩa Phú, Tư Nghĩa, Quảng Ngãi",15.13,108.84,https://www.tiktok.com/tag/donquangngai
Thác Trắng Minh Long,Quang Ngai,"Thanh An, Minh Long, Quảng Ngãi",14.93,108.68,https://www.tiktok.com/tag/thactrangminhlong
Ba Làng An,Quang Ngai,"Bình Châu, Bình Sơn, Quảng Ngãi",15.24,108.92,https://www.tiktok.com/tag/balangan
Chợ Đông Hà,Quang Tri,"1 Trần Hưng Đạo, Đông Hà, Quảng Trị",16.82,107.1,https://www.tiktok.com/@amthucquangtri/video/7352911714289028369
Thành Cổ Quảng Trị,Quang Tri,"Phường 2, Thị xã Quảng Trị, Quảng Trị",16.755,107.195,https://www.tiktok.com/tag/thanhcoquangtri
Cầu Hiền Lương,Quang Tri,"Vĩnh Thành, Vĩnh Linh, Quảng Trị",17.005,107.005,https://www.tiktok.com/tag/cauhienluong
Bún Hến Mai Xá,Quang Tri,"Gio Mai, Gio Linh, Quảng Trị",16.86,107.15,https://www.tiktok.com/tag/bunhenmaixa
Mũi Trườn,Quang Tri,"Vĩnh Thạch, Vĩnh Linh, Quảng Trị",17.08,107.1,https://www.tiktok.com/tag/muitruonquangtri
Chợ Đông Ba,Hue,"2 Trần Hưng Đạo, Phú Hoà, Huế",16.47,107.58,https://www.tiktok.com/@dacsancodohuecom/video/7534332390626397447
Đại Nội Huế,Hue,"Đường 23/8, Thuận Hòa, Huế",16.468,107.578,https://www.tiktok.com/@_trinhhavi_/video/7516484580338044168
Bún Bò Huế Mệ Kéo,Hue,"20 Bạch Đằng, Phú Cát, Huế",16.472,107.59,https://www.tiktok.com/tag/bunbomekeo
Chè Hẻm Huế,Hue,"1 Kiệt 29 Hùng Vương, Phú Hội, Huế",16.465,107.593,https://www.tiktok.com/tag/chehemhue
Lăng Khải Định,Hue,"Thủy Bằng, Hương Thủy, Huế",16.398,107.59,https://www.tiktok.com/tag/langkhaidinh
Làng Hương Thủy Xuân,Hue,"84 Huyền Trân Công Chúa, Huế",16.435,107.57,https://www.tiktok.com/tag/langhuonghue
Cơm Hến Hoa Đông,Hue,"64 Kiệt 7 Ưng Bình, Vỹ Dạ, Huế",16.48,107.6,https://www.tiktok.com/tag/comhenhoadong
Chợ Đồng Hới,Quang Binh,"Mẹ Suốt, Đồng Hới, Quảng Bình",17.47,106.6,https://www.tiktok.com/@phuocanhqb/video/7534346849315048712
Động Phong Nha,Quang Binh,"Sơn Trạch, Bố Trạch, Quảng Bình",17.58,106.28,https://www.tiktok.com/tag/dongphongnha
Suối Nước Moọc,Quang Binh,"Phúc Trạch, Bố Trạch, Quảng Bình",17.55,106.24,https://www.tiktok.com/tag/suoinuocmooc
Bánh Lọc Mệ Xuân,Quang Binh,"Đường Lê Thành Đồng, Đồng Hới, Quảng Bình",17.475,106.605,https://www.tiktok.com/tag/banhlocmexuan
Đồi Cát Quang Phú,Quang Binh,"Quang Phú, Đồng Hới, Quảng Bình",17.5,106.63,https://www.tiktok.com/tag/doicatquangphu
Cháo Canh Gia Bảo,Quang Binh,"8 Lý Thường Kiệt, Đồng Hới, Quảng Bình",17.468,106.615,https://www.tiktok.com/tag/chaocanhquangbinh
Chợ Kon Tum,Kon Tum,"Đường Đoàn Thị Điểm, Kon Tum",14.35,108,https://www.tiktok.com/@vinhthichanngon/video/7375442938974768391
Nhà Thờ Gỗ Kon Tum,Kon Tum,"Nguyễn Huệ, Thống Nhất, Kon Tum",14.354,108.005,https://www.tiktok.com/tag/nhathogokontum
Măng Đen - Hồ Đak Ke,Kon Tum,"Đăk Long, Kon Plông, Kon Tum",14.597,108.293,https://www.tiktok.com/tag/mangden
Thác Pa Sỹ,Kon Tum,"Măng Cành, Kon Plông, Kon Tum",14.61,108.28,https://www.tiktok.com/tag/thacpasy
Gỏi Lá Út Cưng,Kon Tum,"45 Trần Cao Vân, Thống Nhất, Kon Tum",14.35,108,https://www.tiktok.com/tag/goilakontum
Cầu Treo Kon Klor,Kon Tum,"Làng Kon Klor, Kon Tum",14.34,108.02,https://www.tiktok.com/tag/cautreokonklor
