name	city	address	lat	lon	video_url	embed_url
Ch? Bách Hóa Cà Mau	Ca Mau Province	"6B, Ph??ng 7, Cà Mau, Vi?t Nam"	9.17655673	105.1471814	https://www.tiktok.com/@quankhonggo/video/7266662389343440135	https://www.tiktok.com/embed/7266662389343440135
C?m Ba Sâm	Ca Mau Province	"Hai Tháng Chín, TT. Cái N??c, Cái N??c, Cà Mau, Vi?t Nam"	8.940590768	105.0166497	https://www.tiktok.com/@truong_phi_thien/video/7288522492816248065	https://www.tiktok.com/embed/7288522492816248065
Ti?m s?a chua B?p Nhà Bông	Ca Mau Province	"64 Ngô Quy?n, Ph??ng 2, Cà Mau, Vi?t Nam"	9.180736516	105.1447808	https://www.tiktok.com/@berongcamau69/video/7524185380523101448	https://www.tiktok.com/embed/7524185380523101448
Ti?m Bánh C?a M?	Ca Mau Province	"78 ???ng Phan ?ình Phùng, Ph??ng 2, Cà Mau, 94000, Vi?t Nam"	9.181659851	105.1473907	https://www.tiktok.com/@berongcamau69/video/7421765602307788050	https://www.tiktok.com/embed/7421765602307788050
Bánh T?m Cay A Xi Giá	Ca Mau Province	"17 Lý Bôn, Ph??ng 4, Cà Mau, Vi?t Nam"	9.18379169	105.1496161	https://www.tiktok.com/@quangocamau/photo/7537714972047068424	https://www.tiktok.com/embed/7537714972047068424
?á ??u Ông Dú	Ca Mau Province	"2 Lê L?i, Ph??ng 2, Cà Mau, Vi?t Nam"	9.177450214	105.1461634	https://www.tiktok.com/@baduongvlog69.com/video/7363845207223192840	https://www.tiktok.com/embed/7363845207223192840
Quà l?u ni?m Hoàng V?	Ca Mau Province	"18 Nguy?n T?t Thành, Lý V?n Lâm, Cà Mau, Vi?t Nam"	9.157853199	105.1405868	https://www.tiktok.com/@heogiaushop/video/7524236456865434898	https://www.tiktok.com/embed/7524236456865434898
Ch? Nhà Ph?n	Ca Mau Province	"QL1A ?p S?, T?i, xã, Cái N??c, Cà Mau 98615, Vi?t Nam"	9.111214185	105.1003624	https://www.tiktok.com/@truong_phi_thien/video/7248407587819916549	https://www.tiktok.com/embed/7248407587819916549
"C?m t?m, Bánh t?m bì Dì L?"	Ca Mau Province	"Pham Van Ky, Ph??ng 5, Cà Mau, Vi?t Nam"	9.181223043	105.1494221	https://www.tiktok.com/@muoidatmui.camau/video/7395538980034448658	https://www.tiktok.com/embed/7395538980034448658
Bún th?t xào nem n??ng B?ng Tâm	Bac Lieu Province	"516 Võ Th? Sáu, Ph??ng 3, B?c Liêu, Vi?t Nam"	9.284300093	105.7214853	https://www.tiktok.com/@sayhihuy/video/7460477397159218440	https://www.tiktok.com/embed/7460477397159218440
Cà ri v?t c?u s? 4	Bac Lieu Province	"114 Hòa Bình, Ph??ng 7, B?c Liêu, Vi?t Nam"	9.288786185	105.7240177	https://www.tiktok.com/@thodianne/video/7398877688494099730	https://www.tiktok.com/embed/7398877688494099730
Vincom Plaza	Bac Lieu Province	"15 Tr?n Phú, Ph??ng 3, B?c Liêu, 990000, Vi?t Nam"	9.286857607	105.7215846	https://www.tiktok.com/@anhnhutbs/video/7434170274507001096	https://www.tiktok.com/embed/7434170274507001096
Ch? B?c Liêu	Bac Lieu Province	"Kios s? 10-11, C?a Nam ch?, 51 Hoàng V?n Th?, Ph??ng 3, B?c Liêu, Vi?t Nam"	9.285758786	105.7259125	https://www.tiktok.com/@quankhonggo/video/7268136151544810757	https://www.tiktok.com/embed/7268136151544810757
Bún bò cay Ánh Nguy?t	Bac Lieu Province	"119 Cao V?n L?u, Ph??ng 5, B?c Liêu, Vi?t Nam"	9.280571938	105.7272266	https://www.tiktok.com/@loanhquanhmientay/video/7443300237717916946	https://www.tiktok.com/embed/7443300237717916946
Bánh xèo A M?t	Bac Lieu Province	"173/2 ?p Gi?ng Nhãn, Hi?p Thành, B?c Liêu, Vi?t Nam"	9.235828086	105.7508092	https://www.tiktok.com/@mongo99/video/7482619357667921160	https://www.tiktok.com/embed/7482619357667921160
Ch? R?ch Giá	Kien Giang Province	"08 Lý Thái T?, V?nh Thanh, R?ch Giá, Kiên Giang, Vi?t Nam"	10.01790453	105.0811068	https://www.tiktok.com/@quankhonggo/video/7561294668760091912	https://www.tiktok.com/embed/7561294668760091912
Ch? bách hóa Gi?ng Ri?ng	Kien Giang Province	"256 ???ng Lê L?i, N?i Ô, Gi?ng Ri?ng, Kiên Giang, Vi?t Nam"	9.907985404	105.3135028	https://www.tiktok.com/@kiengiangcogihay/video/7494505876296879367	https://www.tiktok.com/embed/7494505876296879367
Ch? Sao Mai Tân Hi?p	Kien Giang Province	"TT. Tân Hi?p, Tân H?êp, Kiên Giang, Vi?t Nam"	10.11761847	105.2899064	https://www.tiktok.com/@imphuong01/video/7429547213950422289	https://www.tiktok.com/embed/7429547213950422289
Ch? Cá Hà Tiên	Kien Giang Province	"???ng Nguy?n Trung Tr?c, Pháo ?ài, Hà Tiên, Kiên Giang, Vi?t Nam"	10.3786019	104.4850459	https://www.tiktok.com/@muoi_kechuyen93/video/7523601796212739335	https://www.tiktok.com/embed/7523601796212739335
Quà l?u ni?m Hòn S?n	Kien Giang Province	"T? 8, Hòn S?n, Kiên Giang 924120, Vi?t Nam"	9.798616295	104.6311315	https://www.tiktok.com/@namdu.honson.booking/video/7441131354999246097	https://www.tiktok.com/embed/7441131354999246097
Bún cá 280	Kien Giang Province	"280 Nguy?n Trung Tr?c, Ph??ng V?nh B?o, R?ch Giá, Kiên Giang, Vi?t Nam"	9.999940678	105.0902067	https://www.tiktok.com/@chau_muoi/video/7275274856927677698	https://www.tiktok.com/embed/7275274856927677698
S?a ??u Nhà Sách ?ông H?	Kien Giang Province	"98b Tr?n Phú, V?nh Thanh, R?ch Giá, Kiên Giang, Vi?t Nam"	10.01350565	105.0829952	https://www.tiktok.com/@truongngoctrang1405/video/7519361871468645639	https://www.tiktok.com/embed/7519361871468645639
Ch? R?ch S?i	Kien Giang Province	"10/6, ???ng Mai Th? H?ng H?nh, R?ch S?i, R?ch Giá, Kiên Giang, Vi?t Nam"	9.9542029	105.1205051	https://www.tiktok.com/@longhoangphilosophy/video/7202480682591898907	https://www.tiktok.com/embed/7202480682591898907
Bánh canh gh? Phù Chí Tài	Kien Giang Province	"Lô 13-C12 3 Tháng 2, P. An Hoà, R?ch Giá, Kiên Giang, Vi?t Nam"	9.99688591	105.0846739	https://www.tiktok.com/@anuongrachgia68/video/7291885893206478082	https://www.tiktok.com/embed/7291885893206478082
Chùa Som Rong	Soc Trang Province	"367 Tôn ??c Th?ng, Ph??ng 5, Tp. Sóc Tr?ng, Sóc Tr?ng, Vi?t Nam"	9.622744961	105.9830606	https://www.tiktok.com/@quankhonggo/video/7263044118723464455	https://www.tiktok.com/embed/7263044118723464455
Ch? Sóc Tr?ng	Soc Trang Province	"M?c ??nh Chi, Ph??ng 9, Sóc Tr?ng, Vi?t Nam"	9.604284276	105.9764167	https://www.tiktok.com/@quankhonggo/video/7264164129403931922	https://www.tiktok.com/embed/7264164129403931922
Bún Riêu Cô T? Vi?t	Soc Trang Province	"266 ???ng 30/4, Ph??ng 2, Sóc Tr?ng, Vi?t Nam"	9.607301367	105.9642876	https://www.tiktok.com/@thodianne/video/7329836747733339399	https://www.tiktok.com/embed/7329836747733339399
H? Ti?u Kh?i ??ng	Soc Trang Province	"224 ???ng Lê H?ng Phong, Ph??ng 3, Sóc Tr?ng, Vi?t Nam"	9.591329004	105.9748001	https://www.tiktok.com/@dinhneha/video/7536082885380427015	https://www.tiktok.com/embed/7536082885380427015
Mì Anh Hào	Soc Trang Province	"443 ?T1, Ph??c L?i, Châu Thành, Sóc Tr?ng, Vi?t Nam"	9.685396784	105.9596319	https://www.tiktok.com/@qadq.133/video/7491901440911363346	https://www.tiktok.com/embed/7491901440911363346
Ch? M? Xuyên	Soc Trang Province	"29 Tr?ng V??ng, TT. M? Xuyên, M? Xuyên, Sóc Tr?ng, Vi?t Nam"	9.560283319	105.9899395	https://www.tiktok.com/@trieumythuykim/video/7534236211368463623	https://www.tiktok.com/embed/7534236211368463623
Ch? Bông Sen	Soc Trang Province	"166 ?i?n Biên Ph?, Ph??ng 6, Sóc Tr?ng, Vi?t Nam"	9.609670424	105.9711229	https://www.tiktok.com/@daydayreview/video/7562526407335660821	https://www.tiktok.com/embed/7562526407335660821
Lò bánh pía M? Anh	Soc Trang Province	"74, ?p Th? Hòa ?ông A, xã Phú Tâm, Phú Tâm, Châu Thành, Sóc Tr?ng, Vi?t Nam"	9.703908731	105.9643848	https://www.tiktok.com/@trieumythuykim/video/7547263397885119762	https://www.tiktok.com/embed/7547263397885119762
Ch? ?êm V? Thanh	Hau Giang Province	"70 Tr?ng Nh?, Ph??ng 1, V? Thanh, H?u Giang 95100, Vi?t Nam"	9.784311977	105.4681795	https://www.tiktok.com/@quankhonggo/video/7306051501020007682	https://www.tiktok.com/embed/7306051501020007682
Ch? Cái T?c	Hau Giang Province	"QL61, ?p Tân Phú, Châu Thành A, H?u Giang, Vi?t Nam"	9.923927398	105.723656	https://www.tiktok.com/@quioidithoi/video/7293389678764379400	https://www.tiktok.com/embed/7293389678764379400
Ch? V? Thanh	Hau Giang Province	"27 Nguy?n V?n Tr?i, Ph??ng 3, V? Thanh, H?u Giang, Vi?t Nam"	9.776722683	105.4600607	https://www.tiktok.com/@tungnuitravel/video/7423956540144536853	https://www.tiktok.com/embed/7423956540144536853
Bamboo Garden	Hau Giang Province	"Th?nh Hoà, Ph?ng Hi?p, H?u Giang, Vi?t Nam"	9.861274282	105.688712	https://www.tiktok.com/@khaikhampha/video/7237076268708072710	https://www.tiktok.com/embed/7237076268708072710
Quán C?m Ngo?i Thành	Hau Giang Province	"V? Trung, V? Thu?, H?u Giang, Vi?t Nam"	9.784783731	105.502403	https://www.tiktok.com/@nhaphuongoi15/video/7543063915219946760	https://www.tiktok.com/embed/7543063915219946760
Khu d? l?ch Mùa Xuân	Hau Giang Province	"236 Hoàng Hoa Thám, Tân Ph??c H?ng, Ph?ng Hi?p, H?u Giang, Vi?t Nam"	9.771954058	105.8383623	https://www.tiktok.com/@real_ct/video/7546220960366611733	https://www.tiktok.com/embed/7546220960366611733
Ch? Cái Kh?	Can Tho	"156 ?. Ung V?n Khiêm, Tân An, Ninh Ki?u, C?n Th? 901000, Vi?t Nam"	10.04591359	105.7832954	https://www.tiktok.com/@thodianne/video/7296690053391191303	https://www.tiktok.com/embed/7296690053391191303
Ch? C?n Th?	Can Tho	"136 ?. Hai Bà Tr?ng, Street, Ninh Ki?u, C?n Th?, Vi?t Nam"	10.03139042	105.7881185	https://www.tiktok.com/@quankhonggo/video/7261561488203140370	https://www.tiktok.com/embed/7261561488203140370
Ch? cá Th?t N?t	Can Tho	" ?. Nguy?n Thái H?c, TT. Th?t N?t, Th?t N?t, C?n Th?, Vi?t Nam"	10.27235739	105.5339734	https://www.tiktok.com/@cautucantho/video/7414280490137570577	https://www.tiktok.com/embed/7414280490137570577
Ch? n?i Cái R?ng	Can Tho	"An Bình, Ninh Ki?u, C?n Th?, Vi?t Nam"	10.00504928	105.7459813	https://www.tiktok.com/@huynh.phu.tien/video/7500061454234553607	https://www.tiktok.com/embed/7500061454234553607
Chùa Ông	Can Tho	"32 ?. Hai Bà Tr?ng, Tân An, Ninh Ki?u, C?n Th?, Vi?t Nam"	10.03419389	105.788497	https://www.tiktok.com/@myymtoiroi/video/7537488093767585032	https://www.tiktok.com/embed/7537488093767585032
Chùa Khmer Muni-Ransay	Can Tho	"36 ?. Hoà Bình, Tân An, Ninh Ki?u, C?n Th?, Vi?t Nam"	10.03371558	105.7838787	https://www.tiktok.com/@pka.champay/video/7503063441175760135	https://www.tiktok.com/embed/7503063441175760135
Nhà c? Bình Th?y	Can Tho	"144 ?. Bùi H?u Ngh?a, Bình Thu?, Bình Th?y, C?n Th?, Vi?t Nam"	10.06703143	105.7495848	https://www.tiktok.com/@tuyn.hadi/video/7572194142780968212	https://www.tiktok.com/embed/7572194142780968212
V??n cò B?ng L?ng	Can Tho	"Thu?n An, Th?t N?t, C?n Th?, Vi?t Nam"	10.28154181	105.5055158	https://www.tiktok.com/@noibuonkhongten.090899/video/7300773443585297682	https://www.tiktok.com/embed/7300773443585297682
Ch? T?nh Biên	An Giang Province	"Xuân Biên, T?nh Biên, An Giang, Vi?t Nam"	10.60598152	104.9446474	https://www.tiktok.com/@phuongoanh.daily/video/7486386096473935122	https://www.tiktok.com/embed/7486386096473935122
Ch? Châu ??c	An Giang Province	"44 Phan V?n Vàng, Châu Phú A, An Phú, An Giang, Vi?t Nam"	10.71081695	105.1184713	https://www.tiktok.com/@hieu.chudu/video/7576589021246180628	https://www.tiktok.com/embed/7576589021246180628
R?ng Tràm Trà S?	An Giang Province	"?p V?n Trà, V?n Giáo, T?nh Biên, An Giang 884000, Vi?t Nam"	10.58506408	105.057933	https://www.tiktok.com/@gowith_we/video/7421811356879310101	https://www.tiktok.com/embed/7421811356879310101
Chùa Tà P?	An Giang Province	"Núi Tô, Tri Tôn, An Giang, Vi?t Nam"	10.41516474	104.9927393	https://www.tiktok.com/@utnhanmientay/video/7401465434693766401	https://www.tiktok.com/embed/7401465434693766401
Mi?u Bà Chúa X?	An Giang Province	"925 Ph?m V?n B?ch Khóm, V?nh Tây 1, Châu ??c, An Giang, Vi?t Nam"	10.68214885	105.0802004	https://www.tiktok.com/@dolebachaudocminhnguyet/video/7493406578419191047	https://www.tiktok.com/embed/7493406578419191047
Chùa Hang	An Giang Province	"P. Núi Sam, Châu ??c, An Giang, Vi?t Nam"	10.67685463	105.0730917	https://www.tiktok.com/@angiangstory2024/video/7508707438665714951	https://www.tiktok.com/embed/7508707438665714951
C?ng tr?i Tri Tôn	An Giang Province	"Châu L?ng, Tri Tôn, An Giang, Vi?t Nam"	10.44802489	104.9702827	https://www.tiktok.com/@tungnuitravel/video/7510075318233877780	https://www.tiktok.com/embed/7510075318233877780
H? Soài Chek	An Giang Province	" Núi Tô, Tri Tôn, An Giang, Vi?t Nam"	10.40240967	104.9795975	https://www.tiktok.com/@langthang.angiang/video/7579875242076589330	https://www.tiktok.com/embed/7579875242076589330
H? Ô Tà Sóc	An Giang Province	"Tri Tôn, An Giang, Vi?t Nam"	10.46056811	104.941027	https://www.tiktok.com/@angiangbietgireviewnay/video/7498335091257642245	https://www.tiktok.com/embed/7498335091257642245
Ch? Trà Vinh	Tra Vinh Province	"124 ??c L?p, Ph??ng 3, Trà Vinh, Vi?t Nam"	9.935345715	106.3424232	https://www.tiktok.com/@quankhonggo/video/7263686696611351815	https://www.tiktok.com/embed/7263686696611351815
B?o tàng v?n hóa dân t?c Khmer	Tra Vinh Province	"Nguy?n Du, Ph??ng 8, Trà Vinh, Vi?t Nam"	9.916201246	106.3050165	https://www.tiktok.com/@diaphuongchi/video/7450166358849146119	https://www.tiktok.com/embed/7450166358849146119
Thi?n Vi?n Trúc Lâm Trà Vinh	Tra Vinh Province	"?p khoán ti?u, Th? xã, Th? xã Duyên H?i, Trà Vinh, Vi?t Nam"	9.645501843	106.5713757	https://www.tiktok.com/@haidang2428/video/7576127268938894613	https://www.tiktok.com/embed/7576127268938894613
Ao Bà Om	Tra Vinh Province	"68 Nguy?n Du, L??ng Hoà, Châu Thành, Trà Vinh, Vi?t Nam"	9.918206333	106.3041689	https://www.tiktok.com/@trogggveooo/video/7410446902912732437	https://www.tiktok.com/embed/7410446902912732437
Bi?n Ba ??ng	Tra Vinh Province	"Tr??ng Long Hoà, Th? xã Duyên H?i, Trà Vinh, Vi?t Nam"	9.633992232	106.5650827	https://www.tiktok.com/@cart.coffee.ba.ng/video/7570201726972693767	https://www.tiktok.com/embed/7570201726972693767
Chùa Cò	Tra Vinh Province	"?T914, ??i An, Trà Cú, Trà Vinh, Vi?t Nam"	9.644325613	106.3033322	https://www.tiktok.com/@thoailuca/video/7412482290686774529	https://www.tiktok.com/embed/7412482290686774529
Cánh ??ng Th?t N?t	Tra Vinh Province	"V?nh Trung, T?nh Biên, An Giang, Vi?t Nam"	10.54174293	105.0184861	https://www.tiktok.com/@gowith_we/video/7419973751606922512	https://www.tiktok.com/embed/7419973751606922512
Chùa Sleng C?	Tra Vinh Province	"?p B?n Chùa -Xã Ph??c H?ng -Huy?n -T?nh, 54, Ph??c H?ng, Trà Cú, Trà Vinh, Vi?t Nam"	9.746147594	106.2817308	https://www.tiktok.com/@mandikhapvietnam/video/7529528122669124871	https://www.tiktok.com/embed/7529528122669124871
Ch? V?nh Long	Vinh Long Province	"?oàn Th? ?i?m, Ph??ng 1, V?nh Long, Vi?t Nam"	10.25674442	105.9723667	https://www.tiktok.com/@quankhonggo/video/7260360900937370887	https://www.tiktok.com/embed/7260360900937370887
Làng G?m V?nh Long	Vinh Long Province	"M? Ph??c, Mang Thít, V?nh Long, Vi?t Nam"	10.22711702	106.0690536	https://www.tiktok.com/@gowith_we/video/7425610423350693138	https://www.tiktok.com/embed/7425610423350693138
Làng G?m T? Buôi	Vinh Long Province	"Khu Minh Linh, Ph??ng 5, V?nh Long, 890900, Vi?t Nam"	10.25624745	105.9932505	https://www.tiktok.com/@diicungtri/video/7463853515144842504	https://www.tiktok.com/embed/7463853515144842504
Chùa Ph?t Ng?c Xá L?i	Vinh Long Province	"QL1A, Tân Ngãi, V?nh Long, Vi?t Nam"	10.26482066	105.9154846	https://www.tiktok.com/@diicungtri/video/7524236021412760840	https://www.tiktok.com/embed/7524236021412760840
V?n Thánh Mi?u	Vinh Long Province	"Tr?n Phú, Ph??ng 4, V?nh Long, Vi?t Nam"	10.24277264	105.9846109	https://www.tiktok.com/@diaphuongchi/video/7473224593314942229	https://www.tiktok.com/embed/7473224593314942229
V?nh An Cung	Vinh Long Province	"22 Nguy?n Chí Thanh, Ph??ng 5, V?nh Long, Vi?t Nam"	10.25474707	105.978021	https://www.tiktok.com/@diaphuongchi/video/7472877569528892692	https://www.tiktok.com/embed/7472877569528892692
Ch? Quê Tân Thu?n ?ông	Dong Thap Province	"Tân Thu?n ?ông, Cao Lãnh, ??ng Tháp, Vi?t Nam"	10.41520427	105.6268264	https://www.tiktok.com/@thanhnureview/video/7546193972130073864	https://www.tiktok.com/embed/7546193972130073864
Ch? Tháp M??i	Dong Thap Province	"45 Tr?n Phú, TT. M? An, Tháp M??i, ??ng Tháp, Vi?t Nam"	10.51966299	105.844292	https://www.tiktok.com/@myymtoiroi/video/7542669564585266440	https://www.tiktok.com/embed/7542669564585266440
Khu Di Tích X?o Quít	Dong Thap Province	"M? Long, Cao Lãnh, ??ng Tháp, Vi?t Nam"	10.39461772	105.8046248	https://www.tiktok.com/@gowith_we/video/7424010876098710804	https://www.tiktok.com/embed/7424010876098710804
B?o Tàng ??ng Tháp - C? S? 2	Dong Thap Province	"226 Nguy?n Thái H?c, Ph??ng 1, Cao Lãnh, ??ng Tháp, Vi?t Nam"	10.45322334	105.6325125	https://www.tiktok.com/@filmbythuyduong/video/7581844068121038098	https://www.tiktok.com/embed/7581844068121038098
Khu Di Tích C? Nguy?n Sinh S?c	Dong Thap Province	"137 Ph?m H?u L?u, Ph??ng 4, Cao Lãnh, ??ng Tháp, Vi?t Nam"	10.44790865	105.632089	https://www.tiktok.com/@tranngoc1908/video/7451224529348726034	https://www.tiktok.com/embed/7451224529348726034
Khu Du L?ch Sinh Thái M? Ph??c Thành	Dong Thap Province	"266 Tôn ??c Th?ng, Ph??ng M? Phú, Cao Lãnh, ??ng Tháp, Vi?t Nam"	10.47123517	105.64813	https://www.tiktok.com/@real_ct/video/7189625908070747419	https://www.tiktok.com/embed/7189625908070747419
Ch? B?n Tre	Ben Tre Province	"30 Hùng V??ng, Ph??ng 1, B?n Tre, 930000, Vi?t Nam"	10.23500915	106.3763213	https://www.tiktok.com/@quankhonggo/video/7260825907575770375	https://www.tiktok.com/embed/7260825907575770375
?ình An H?i	Ben Tre Province	"Nguy?n ?ình Chi?u, Ph??ng 2, B?n Tre, Vi?t Nam"	10.23649715	106.3770138	https://www.tiktok.com/@co3xuduabentre/video/7569212466488462610	https://www.tiktok.com/embed/7569212466488462610
B?o Tàng B?n Tre	Ben Tre Province	"Hùng V??ng, Ph??ng 3, B?n Tre, Vi?t Nam"	10.23495695	106.3741535	https://www.tiktok.com/@vothanhmanofficial/video/7443783246766247184	https://www.tiktok.com/embed/7443783246766247184
Khu Du L?ch Lan V??ng	Ben Tre Province	"?T887, Phú Nhu?n, B?n Tre, Vi?t Nam"	10.20859407	106.3706927	https://www.tiktok.com/@saigonvivu.vn/video/7235821312395054341	https://www.tiktok.com/embed/7235821312395054341
??m Sinh Thái Gió ???c	Ben Tre Province	"???ng ?i?n gió s? 5, ?p Th?nh Th?i B, Th?nh Phú, B?n Tre, Vi?t Nam"	9.913907867	106.6598	https://www.tiktok.com/@miinh.tam/video/7517627036282785042	https://www.tiktok.com/embed/7517627036282785042
Chùa Ph??c Long C? T?	Ben Tre Province	"Phong N?m, Gi?ng Trôm, B?n Tre, Vi?t Nam"	10.23369195	106.4389315	https://www.tiktok.com/@nhungcozy/video/7525016408083041543	https://www.tiktok.com/embed/7525016408083041543
Khu Du L?ch Bi?n C?n Nhàn	Ben Tre Province	"B?o Thu?n, Ba Tri, B?n Tre, Vi?t Nam"	10.01669146	106.6883999	https://www.tiktok.com/@dulongducanh/video/7506116479197154578	https://www.tiktok.com/embed/7506116479197154578
Chùa V?n Ph??c	Ben Tre Province	"QL57B, ?p Bình Chi?n, Bình ??i, B?n Tre, Vi?t Nam"	10.16391814	106.7065997	https://www.tiktok.com/@hoanghuy_flycam/video/7535390581225311495	https://www.tiktok.com/embed/7535390581225311495
Khu du l?ch sinh thái H? Th?o	Ben Tre Province	"Nh?n Th?nh, B?n Tre, Vi?t Nam"	10.21091308	106.4076693	https://www.tiktok.com/@angidaytroi/video/7509344802069122311	https://www.tiktok.com/embed/7509344802069122311
Khu du l?ch C?n Ph?ng	Ben Tre Province	"C?n Ph?ng, Tân Th?ch, Châu Thành, B?n Tre 39000, Vi?t Nam"	10.33691129	106.3687497	https://www.tiktok.com/@angiomytho/video/7464183713161678098	https://www.tiktok.com/embed/7464183713161678098
Ch? M? Tho	Tien Giang Province	"Nguy?n Hu?, Ph??ng 1, M? Tho, Ti?n Giang, Vi?t Nam"	10.35726231	106.3677373	https://www.tiktok.com/@myymtoiroi/video/7540670093030591765	https://www.tiktok.com/embed/7540670093030591765
Chùa V?nh Tràng	Tien Giang Province	"?p M? An, M? Phong, M? Tho, Ti?n Giang, Vi?t Nam"	10.36264283	106.3736103	https://www.tiktok.com/@diaphuongchi/video/7427250167520218369	https://www.tiktok.com/embed/7427250167520218369
Bi?n Tân Thành	Tien Giang Province	"Tân Thành, Gò Công ?ông, Ti?n Giang, Vi?t Nam"	10.29166955	106.7812043	https://www.tiktok.com/@vivugocong/video/7380666216597261585	https://www.tiktok.com/embed/7380666216597261585
Nhà B?ch Công T?	Tien Giang Province	"62 ?inh B? L?nh, Ph??ng 2, M? Tho, Ti?n Giang, Vi?t Nam"	10.35544472	106.3717601	https://www.tiktok.com/@nguyenhoangchuong999/video/7336409672850656513	https://www.tiktok.com/embed/7336409672850656513
B?u Lâm C? T?	Tien Giang Province	"162B Nguy?n V?n Giác, Ph??ng 2, M? Tho, Ti?n Giang, Vi?t Nam"	10.36133543	106.3714496	https://www.tiktok.com/@vothanhmanofficial/video/7443985024044616980	https://www.tiktok.com/embed/7443985024044616980
Chùa Pháp B?o	Tien Giang Province	"44 Lý Th??ng Ki?t, Ph??ng 5, M? Tho, Ti?n Giang, Vi?t Nam"	10.36238536	106.352491	https://www.tiktok.com/@diaphuongchi/video/7528395338797845761	https://www.tiktok.com/embed/7528395338797845761
Ch? Tân An	Long An Province	"Ph??ng 1, Tân An, Long An, Vi?t Nam"	10.53882793	106.413168	https://www.tiktok.com/@ansaplongan/video/7547693952963448065	https://www.tiktok.com/embed/7547693952963448065
H? Tân ??c	Long An Province	"Tân ??c, H?u Th?nh, ??c Hòa, Long An, Vi?t Nam"	10.79183556	106.4537319	https://www.tiktok.com/@miinh.tam/video/7378486756661906696	https://www.tiktok.com/embed/7378486756661906696
Làng  n?i Tân L?p	Long An Province	"QL62, Tân L?p, M?c Hóa, Long An 850000, Vi?t Nam"	10.71488548	105.9873884	https://www.tiktok.com/@gowith_we/video/7426738220181818625	https://www.tiktok.com/embed/7426738220181818625
Chùa Tôn Th?ch	Long An Province	"?p Thanh Ba, C?n Giu?c, Long An, Vi?t Nam"	10.60532775	106.6463712	https://www.tiktok.com/@trungtranofficial/video/7487077820858895671	https://www.tiktok.com/embed/7487077820858895671
Bánh tráng tr?n Ph??ng  (C?u ?úc)	Long An Province	"71b Hai Bà Tr?ng, Ph??ng 1, Tân An, Long An, Vi?t Nam"	10.53586669	106.4126254	https://www.tiktok.com/@banhtrangphuongcauduc/video/7242228014988250374	https://www.tiktok.com/embed/7242228014988250374
Chùa N?i C? S?n T?	Long An Province	"Tuyên Bình, V?nh H?ng, Long An, Vi?t Nam"	10.83171774	105.8662845	https://www.tiktok.com/@tieu_phiphi82/video/7569761936007597332	https://www.tiktok.com/embed/7569761936007597332
Ch? B?n Thành	Ho Chi Minh City	"Ph??ng B?n Thành, Qu?n 1, Thành ph? H? Chí Minh, Vi?t Nam"	10.77253121	106.698019	https://www.tiktok.com/@tinathaothidaily/video/7460150990910786824	https://www.tiktok.com/embed/7460150990910786824
Ch? Tân ??nh	Ho Chi Minh City	"336 Hai Bà Tr?ng, Ph??ng Tân ??nh, Qu?n 1, Thành ph? H? Chí Minh, Vi?t Nam"	10.78968994	106.6898675	https://www.tiktok.com/@quankhonggo/video/7251547897290935558	https://www.tiktok.com/embed/7251547897290935558
Ch? Bà Chi?u	Ho Chi Minh City	"39 Diên H?ng, Ph??ng 1, Bình Th?nh, Thành ph? H? Chí Minh 70000, Vi?t Nam"	10.80235931	106.6986181	https://www.tiktok.com/@thanhnureview/video/7508695416892853522	https://www.tiktok.com/embed/7508695416892853522
Ch? Bình Tây	Ho Chi Minh City	"57A Tháp M??i, Ph??ng 2, Qu?n 6, Thành ph? H? Chí Minh 700900, Vi?t Nam"	10.74938255	106.6510603	https://www.tiktok.com/@didauofficial/video/7351701644716838164	https://www.tiktok.com/embed/7351701644716838164
Ch? Bàn C?	Ho Chi Minh City	"Ph??ng 3, Qu?n 3, Thành ph? H? Chí Minh, Vi?t Nam"	10.76915965	106.6810405	https://www.tiktok.com/@1phutsaigon/video/7339536212593511687	https://www.tiktok.com/embed/7339536212593511687
Himitsu no Kichi	Ho Chi Minh City	"446A ?. 3 Tháng 2, Ph??ng 12, Qu?n 10, Thành ph? H? Chí Minh 70000, Vi?t Nam"	10.76882203	106.6685036	https://www.tiktok.com/@i.ou.y.choi/video/7563982135346924820	https://www.tiktok.com/embed/7563982135346924820
Peachiful Vintage Room	Ho Chi Minh City	"330 ?. Lê V?n S?, Ph??ng 14, Qu?n 3, Thành ph? H? Chí Minh, Vi?t Nam"	10.78736448	106.6790985	https://www.tiktok.com/@bantinbungdoi/video/7512797913555275016	https://www.tiktok.com/embed/7512797913555275016
Vesta Lifestyle and Gifts	Ho Chi Minh City	"34 Ngô Quang Huy, Th?o ?i?n, Th? ??c, Thành ph? H? Chí Minh 700000, Vi?t Nam"	10.80428857	106.7343919	https://www.tiktok.com/@stacie.mai/video/7399243079926025488	https://www.tiktok.com/embed/7399243079926025488
Ti?m G?m Ô Mê Ly	Ho Chi Minh City	"15\27- 15\28 Nguy?n Th? Minh Khai, B?n Nghé, Qu?n 1, Thành ph? H? Chí Minh, Vi?t Nam"	10.78505796	106.7009428	https://www.tiktok.com/@bolonton_/video/7452299796036996360	https://www.tiktok.com/embed/7452299796036996360
Ti?m G?m Mèo Ôm Mây	Ho Chi Minh City	"103/12 ?. Tr?n Huy Li?u, Ph??ng 11, Phú Nhu?n, Thành ph? H? Chí Minh, Vi?t Nam"	10.79345163	106.6775504	https://www.tiktok.com/@vuongnhididau/video/7556482250649423112	https://www.tiktok.com/embed/7556482250649423112
Bánh Mì Huynh Hoa	Ho Chi Minh City	"26 Lê Th? Riêng, Ph??ng Ph?m Ng? Lão, Qu?n 1, Thành ph? H? Chí Minh, Vi?t Nam"	10.77154258	106.692394	https://www.tiktok.com/@banhmi.huynhhoa/video/7420376360469744897	https://www.tiktok.com/embed/7420376360469744897
C?m t?m Nguy?n V?n C?	Ho Chi Minh City	"74 Nguy?n V?n C?, Ph??ng Nguy?n C? Trinh, Qu?n 1, Thành ph? H? Chí Minh, Vi?t Nam"	10.7568835	106.6851702	https://www.tiktok.com/@nguyenquangdungdirector/video/7515821675657694472	https://www.tiktok.com/embed/7515821675657694472
Trà s?a B?ng Thành	Ho Chi Minh City	"352 Nguy?n Duy D??ng, Ph??ng 9, Qu?n 10, Thành ph? H? Chí Minh, Vi?t Nam"	10.7649878	106.6701637	https://www.tiktok.com/@cholondowntown/video/7248460605164768517	https://www.tiktok.com/embed/7248460605164768517
R?p R?ng	Ho Chi Minh City	"158-160 Hoàng Di?u, Ph??ng 9, Qu?n 4, Thành ph? H? Chí Minh 700000, Vi?t Nam"	10.76308134	106.70308	https://www.tiktok.com/@baro.phe/video/7529808603239157000	https://www.tiktok.com/embed/7529808603239157000
Every Half Coffee Roaster	Ho Chi Minh City	"2A-4A Tôn ??c Th?ng, Ph??ng Sài Gòn, Qu?n 1, Thành ph? H? Chí Minh 70000, Vi?t Nam"	10.77826901	106.7065594	https://www.tiktok.com/@chillguydidulich/video/7549976860373863697	https://www.tiktok.com/embed/7549976860373863697
Bào tàng l?ch s? thành ph? H? Chí Minh	Ho Chi Minh City	"2 Nguy?n B?nh Khiêm, B?n Nghé, Qu?n 1, Thành ph? H? Chí Minh, Vi?t Nam"	10.78809203	106.7047275	https://www.tiktok.com/@diaphuongchi/video/7477001364757875975	https://www.tiktok.com/embed/7477001364757875975
B?o tàng Tôn ??c Th?ng	Ho Chi Minh City	"5 Tôn ??c Th?ng, Ph??ng Sài Gòn, Qu?n 1, Thành ph? H? Chí Minh, Vi?t Nam"	10.77700081	106.7067551	https://www.tiktok.com/@duocroidithoi.sg/video/7538684365434408200	https://www.tiktok.com/embed/7538684365434408200
Dinh ??c L?p	Ho Chi Minh City	"Ph??ng B?n Thành, Qu?n 1, Thành ph? H? Chí Minh, Vi?t Nam"	10.77700746	106.6953007	https://www.tiktok.com/@minhlagrin/video/7362752770572619026	https://www.tiktok.com/embed/7362752770572619026
Th?o c?m viên	Ho Chi Minh City	"2 Nguy?n B?nh Khiêm, Ph??ng Sài Gòn, Qu?n 1, Thành ph? H? Chí Minh 700000, Vi?t Nam"	10.7873492	106.7050569	https://www.tiktok.com/@mutchut/video/7368322194016865544	https://www.tiktok.com/embed/7368322194016865544
B?u ?i?n Sài Gòn	Ho Chi Minh City	"125 Hai Bà Tr?ng, B?n Nghé, Qu?n 1, Thành ph? H? Chí Minh 700000, Vi?t Nam"	10.77984396	106.6999707	https://www.tiktok.com/@lynh_luu/video/7579667762860117268	https://www.tiktok.com/embed/7579667762860117268
Nhà Th? ??c Bà	Ho Chi Minh City	"01 Công tr??ng Công xã Paris, B?n Nghé, Qu?n 1, Thành ph? H? Chí Minh 70000, Vi?t Nam"	10.77979929	106.6990198	https://www.tiktok.com/@bb_trann/video/7578348758950235412	https://www.tiktok.com/embed/7578348758950235412
Ch? Long Hoa	Tay Ninh Province	"Hu?nh Thanh M?ng, TT. Hoà Thành, Hoà Thành, Tây Ninh, Vi?t Nam"	11.28303695	106.1297917	https://www.tiktok.com/@quankhonggo/video/7265657467323813127	https://www.tiktok.com/embed/7265657467323813127
Núi Bà ?en	Tay Ninh Province	"Th?nh Tân, Tây Ninh, Vi?t Nam"	11.3817021	106.175738	https://www.tiktok.com/@tayninhdaily/video/7536197233042132232	https://www.tiktok.com/embed/7536197233042132232
Tòa Thánh Tây Ninh	Tay Ninh Province	"Ph?m H? Pháp, TT. Hoà Thành, Hoà Thành, Tây Ninh 80606, Vi?t Nam"	11.30378853	106.1329829	https://www.tiktok.com/@caubalaca/video/7541797551612169480	https://www.tiktok.com/embed/7541797551612169480
Chùa Thi?n Lâm (Gò Kén)	Tay Ninh Province	"Long Thành Trung, Hoà Thành, Tây Ninh, Vi?t Nam"	11.27423986	106.1063939	https://www.tiktok.com/@truongthanhnhang/video/7353400139605626113	https://www.tiktok.com/embed/7353400139605626113
H? Núi ?á - Ma Thiên Lãnh	Tay Ninh Province	"Ma Thiên Lãnh, Ninh S?n, Tây Ninh, Vi?t Nam"	11.39405715	106.1470556	https://www.tiktok.com/@ngc.khoi.nng/video/7516008386446544135	https://www.tiktok.com/embed/7516008386446544135
Bánh Canh Tr?ng Bàng Ba Tr??ng	Tay Ninh Province	"192 Nguy?n Chí Thanh, Ph??ng 3, Tây Ninh, 70000, Vi?t Nam"	11.32142779	106.1086745	https://www.tiktok.com/@lengochieuu/video/7280896158430448897	https://www.tiktok.com/embed/7280896158430448897
Ch? Th? D?u M?t	Binh Duong Province	"?. ?i?u Ong, Phú C??ng, Th? D?u M?t, Bình D??ng, Vi?t Nam"	10.97789085	106.6518153	https://www.tiktok.com/@reviewbinhduongdidau/video/7354260209822436624	https://www.tiktok.com/embed/7354260209822436624
Ch? Lái Thiêu	Binh Duong Province	"37 ??i l? Bình D??ng, Hòa Long, Thu?n An, Bình D??ng, Vi?t Nam"	10.89046769	106.7032103	https://www.tiktok.com/@huysieupham/video/7277587622149557512	https://www.tiktok.com/embed/7277587622149557512
Ti?m g?m nhà t?i mình	Binh Duong Province	"118/8 ?. Lái Thiêu 44, Lái Thiêu, Thu?n An, Bình D??ng 75207, Vi?t Nam"	10.90804607	106.7067758	https://www.tiktok.com/@tiemgom_nhatuiminh/video/7324566217207991560	https://www.tiktok.com/embed/7324566217207991560
V??n Nhà G?m	Binh Duong Province	"120 Ngô Quy?n, Lái Thiêu, Thu?n An, Bình D??ng 820000, Vi?t Nam"	10.90323897	106.6961677	https://www.tiktok.com/@foodholicvn/video/7213727264658197787	https://www.tiktok.com/embed/7213727264658197787
Công viên Thành Ph? M?i	Binh Duong Province	"Phú M?, Th? D?u M?t, Bình D??ng, Vi?t Nam"	11.05355091	106.6809216	https://www.tiktok.com/@diengne_/video/7352891704027991314	https://www.tiktok.com/embed/7352891704027991314
Phim tr??ng M?c Gia	Binh Duong Province	"V?nh Phú, Thu?n An, Bình D??ng, Vi?t Nam"	10.87526227	106.6963219	https://www.tiktok.com/@tuyetreview99/video/7566969198979714311	https://www.tiktok.com/embed/7566969198979714311
Vu Garden	Binh Duong Province	"117 ?. Nguy?n Du, An Phú, Thu?n An, Bình D??ng, Vi?t Nam"	10.9300519	106.7362253	https://www.tiktok.com/@nicbongcutewww/video/7545381430860205320	https://www.tiktok.com/embed/7545381430860205320
B?o Tàng D??c C? Truy?n Vi?t Nam	Binh Duong Province	"26 bis/1, V?nh Phú, Thu?n An, Bình D??ng, Vi?t Nam"	10.87510745	106.701025	https://www.tiktok.com/@anchoibinhduongne/video/7483107208742391047	https://www.tiktok.com/embed/7483107208742391047
M?c ?ình	Binh Duong Province	"26 bis / 1 QL13, V?nh Phú, Thu?n An, Bình D??ng, Vi?t Nam"	10.87512715	106.7010255	https://www.tiktok.com/@didaunao2022/video/7490564005128326407	https://www.tiktok.com/embed/7490564005128326407
