province,shop_name,city,address,category,lat,lon
Quang Binh,G7 Mart,,,convenience,17.4798055,106.6199774
Quang Binh,Co.opmart QUẢNG TRỊ,,Nguyễn Trãi,,17.4617422,106.6177755
Quang Binh,Li Ti Shop,,,,17.4758616,106.6218408
Quang Binh,Bom Baby Shop,đồng Hới,18/8,supermarket,17.471,106.6199635
Quang Binh,Hang Sơn Đoòng - Hồ Khanh,,,,17.444152,106.293583
Quang Binh,Di tích phà Long Đại,,,,17.325973,106.625073
Quang Binh,D-Arts zone,,,,17.6107413,106.3085783
Quang Binh,,,,,17.5823607,106.2820798
Quang Binh,Souvenir Shops,,,,17.5302143,106.2281531
Quang Binh,Souvenir Shops,,,,17.5303156,106.2279196
Quang Binh,Jungle Boss Trekking Tours Headquarters,Phong Nha,,,17.5959149,106.2877654
Quang Binh,WinMart+,,,convenience,17.6105063,106.3086869
Quang Binh,PNJ,,,jewelry,17.469602,106.615171
Quang Binh,Children Statue,,,,17.4759998,106.6235837
Quang Binh,Dolphin statue,,,,17.4766302,106.6239072
Quang Binh,A statue,,,,17.4703869,106.6245318
Quang Binh,,,,clothes,17.4640682,106.6256092
Quang Binh,,,,clothes,17.4631049,106.625906
Quang Binh,,,,clothes,17.4630996,106.6257627
Quang Binh,An Phước,,Trần Hưng Đạo,clothes,17.4680229,106.60783
Quang Binh,CHỢ BA CANH,QUẢNG BÌNH,,,17.1375665,106.8077627
Quang Binh,Market,,,,17.7359559,105.9610141
Quang Binh,ĐIỂM CẮM TRẠI,,,,17.7802999,106.0889957
Quang Binh,,,,,17.7745124,106.0599164
Quang Binh,,,,,17.7764462,106.0649643
Quang Binh,,,,,16.9712823,105.9384586
Quang Binh,Tượng đài Mẹ Suốt,,,,17.4654591,106.6271418
Quang Binh,,,,,17.467321,106.6230056
Quang Binh,LE TAM WEDDING,,Chu Văn An,clothes,17.301504,106.7319294
Quang Binh,WinMart,,,supermarket,17.4655783,106.6262329
Quang Binh,,,,,17.3018584,105.7639749
Quang Binh,Chợ Võ Xá,,,,17.3845685,106.6534076
Quang Binh,Chợ Đồng Hới,,,,17.4645798,106.6275579
Quang Binh,BC WORKSHOP,THỊ XÃ BA ĐỒN,Hùng Vương,car_repair,17.754224,106.4276606
Quang Binh,Bottle fuel shop,,,,17.2205588,106.4493221
Quang Binh,Mini mart,,,convenience,17.6089718,106.3135886
Quang Binh,Mini mart,,,convenience,17.6095326,106.3129021
Quang Binh,WinMart,,,supermarket,17.6462233,106.2763388
Quang Tri,Chợ Đông Hà,,,,16.8239186,107.0992767
Quang Tri,Part of hcmc trail ,,,,16.500808,106.4867036
Quang Tri,Preserved part of Ho Chi Minh trail,,,,16.4973943,106.4862327
Quang Tri,Mường Thanh Quảng Trị Mart,,,supermarket,16.8187141,107.1049202
Quang Tri,Đèo Sa Mù,,,,16.80163,106.585001
Quang Tri,Cồn Tiên,,,,16.902163,106.999423
Quang Tri,Dốc Miếu,,,,16.9530376,107.071949
Quang Tri,Nhà May Trinh,,Lê Chương,,16.8208793,107.0983613
Quang Tri,PNJ,,,jewelry,16.81396,107.100583
Quang Tri,An Phước,,Hùng Vương,clothes,16.81711,107.099584
Quang Tri,CHỢ BA CANH,QUẢNG BÌNH,,,17.1375665,106.8077627
Quang Tri,Quán phở Sương,,Lê Duẩn,,16.7726044,107.1622713
Quang Tri,,,,,16.7542951,107.1886819
Quang Tri,,,,,16.754343,107.1884088
Quang Tri,,,,,16.7541367,107.1883572
Quang Tri,,,,,16.753881,107.1885696
Quang Tri,,,,,16.7534749,107.1891103
Quang Tri,,,,,16.7531162,107.1890549
Quang Tri,,,,,16.7530471,107.1886141
Quang Tri,,,,,16.7542527,107.1889372
Quang Tri,,,,,16.7541828,107.1891281
Quang Tri,,,,,16.7534678,107.1896526
Quang Tri,,,,,16.7532436,107.1896162
Quang Tri,,,,,16.7531968,107.1897856
Quang Tri,,,,,16.7536147,107.1900425
Quang Tri,,,,,16.7533013,107.1900413
Quang Tri,,,,,16.7530745,107.1894809
Quang Tri,,,,,16.7539095,107.1900652
Quang Tri,,,,,16.7528107,107.1893455
Quang Tri,WinMart+,,,convenience,16.6309215,106.7404966
Quang Tri,Artificial pond,,,,16.7017608,107.2463357
Quang Tri,,,,,16.6195122,106.5987524
Quang Tri,WinMart,,,supermarket,16.6131854,106.6046673
Quang Tri,HAI ÔNG BÉO MART,,Trần Hưng Đạo,supermarket,16.8227103,107.094175
Thua Thien Hue,Chợ,,,,16.4616905,107.5900942
Thua Thien Hue,Amart & More,,,,16.4693093,107.5945771
Thua Thien Hue,,,,gift,16.4700956,107.5745256
Thua Thien Hue,Chợ Phú Bài,,,,16.408181,107.6779
Thua Thien Hue,Chợ cầu Hai,,,,16.2703345,107.8802772
Thua Thien Hue,Coopmart,,,supermarket,16.4710959,107.5878041
Thua Thien Hue,K-Mart,,,supermarket,16.4674924,107.5938257
Thua Thien Hue,YoYo - Beer And Party,,Hai Bà Trưng,,16.45912,107.58907
Thua Thien Hue,Tre Thoi Dai,,Lý Thánh Tông,gift,16.2728525,107.8721543
Thua Thien Hue,AMart,Huế,Lê Lợi,,16.4698296,107.5931277
Thua Thien Hue,K-Mart,,,supermarket,16.4670931,107.5946677
Thua Thien Hue,Hải Yến,,Nguyễn Hữu Thoj,department_store,16.4607806,107.6021726
Thua Thien Hue,Mỹ Hương,Huế,Hùng Vương,clothes,16.4661614,107.5920557
Thua Thien Hue,Anh Nguyen Tat Thanh,,,,16.468012,107.5915418
Thua Thien Hue,My family,,,,16.4498807,107.5877128
Thua Thien Hue,Nice's Coffee Shop,,Hai Bà Trưng,,16.4607006,107.589324
Thua Thien Hue,Nhà May Hoá,,"Thôn 3, Vinh Thanh, Phú Vang",,16.4329202,107.7828197
Thua Thien Hue,Nhà may Hoá,,"đường Chùa, thôn 3, huyện Phú Vang",,16.4329036,107.7828009
Thua Thien Hue,Trung Hòa Vị Dục,,,,16.4682336,107.5787643
Thua Thien Hue,Chính Trực Đãng Bình,,,,16.4678639,107.5790477
Thua Thien Hue,Romanhotel,,,,16.4753855,107.5952599
Thua Thien Hue,Healing the Wounded Heart Shop,,Võ Thị Sáu,gift,16.4686315,107.5949926
Thua Thien Hue,Tinh Hoa Art Shop,,Võ Thị Sáu,gift,16.4691657,107.5955411
Thua Thien Hue,,,,,16.4602461,107.5813604
Thua Thien Hue,Various Clothes Shops,,,clothes,16.4670118,107.5942991
Thua Thien Hue,Chợ Thanh Toàn,,,,16.4662802,107.6429665
Thua Thien Hue,Spiral Foundation,,Võ Thị Sáu,gift,16.4686119,107.5951951
Thua Thien Hue,Chợ Cống,,,,16.4701276,107.5993973
Thua Thien Hue,PNJ,,,jewelry,16.467751,107.584206
Thua Thien Hue,Vạc đồng,,,,16.4690844,107.5779533
Thua Thien Hue,Vạc đồng,,,,16.469204,107.5781398
Thua Thien Hue,Nguyệt Anh Môn,,,,16.4688755,107.5779056
Thua Thien Hue,Nhật Tinh Môn,,,,16.4692177,107.5783445
Thua Thien Hue,White Buddha,,,,16.1901873,107.8497098
Thua Thien Hue,,,,,16.1994778,107.8576739
Thua Thien Hue,,,,,16.1994243,107.8576788
Thua Thien Hue,cây cảnh Thảo Nguyên,,,,16.4649735,107.6064089
Thua Thien Hue,Con,,,,16.4335704,107.5616245
Thua Thien Hue,,,,,16.4667125,107.5768677
Thua Thien Hue,,,,,16.4669006,107.5771292
Thua Thien Hue,,,,,16.4668768,107.5770944
Thua Thien Hue,,,,,16.466852,107.5770679
Thua Thien Hue,,,,,16.4668295,107.5770333
Thua Thien Hue,,,,,16.4667347,107.5769019
Thua Thien Hue,,,,,16.4667588,107.5769341
Thua Thien Hue,,,,,16.4667826,107.5769676
Thua Thien Hue,Cao đỉnh,,,,16.4668321,107.5769794
Thua Thien Hue,,,,,16.4678092,107.575198
Thua Thien Hue,,,,,16.4682253,107.5748675
Thua Thien Hue,,,,,16.4709196,107.5784254
Thua Thien Hue,Trích Thuý Sơn,,,,16.4708817,107.5781599
Thua Thien Hue,Tiểu Hữu Thiên,,,,16.470202,107.5782242
Thua Thien Hue,Imperial Craft Bia,,Ngô Gia Tự,,16.4606237,107.590486
Thua Thien Hue,An Phước,,Hùng Vương,clothes,16.4646372,107.5937684
Thua Thien Hue,An Phước,,Hùng Vương,clothes,16.4584139,107.5976418
Thua Thien Hue,,,,,16.4686653,107.5949616
Thua Thien Hue,Amart,,,convenience,16.4699815,107.5938145
Thua Thien Hue,K-Mart,,,,16.4696627,107.5942876
Thua Thien Hue,,,,art,16.468471,107.5950399
Thua Thien Hue,Green Bamboo,,,art,16.4685271,107.5951017
Thua Thien Hue,,,,clothes,16.4684491,107.5950158
Thua Thien Hue,,,,gift,16.3884065,107.5720794
Thua Thien Hue,,,,gift,16.4707189,107.577734
Thua Thien Hue,,,,gift,16.4676103,107.576108
Thua Thien Hue,,,,gift,16.4690664,107.575513
Thua Thien Hue,Suối Khe Đầy,,,,16.3387507,107.5413496
Thua Thien Hue,Chợ Thuận Hoà,Huế,Lê Huân,,16.4681042,107.5740745
Thua Thien Hue,Boi Tran Garden,Hue,,,16.4074433,107.5846393
Thua Thien Hue,,,,,16.4120221,107.5762232
Thua Thien Hue,,,,,16.4121475,107.5762262
Thua Thien Hue,,,,,16.4120067,107.5763949
Thua Thien Hue,,,,,16.4120324,107.5760677
Thua Thien Hue,,,,clothes,16.4069697,107.679556
Thua Thien Hue,Quà Luu Niệm Huế,,,gift,16.469751,107.5931435
Thua Thien Hue,Commini Mart,,,supermarket,16.3763908,107.7180982
Thua Thien Hue,,,,,16.2280207,107.8554811
Thua Thien Hue,Jesus Christ,,,,16.4580759,107.5964004
Thua Thien Hue,,,,,16.4568299,107.598151
Thua Thien Hue,,,,,16.4568692,107.5982439
Thua Thien Hue,,,,gift,16.3978753,107.590427
Thua Thien Hue,Amy Apartment,,,,16.461984,107.6165541
Thua Thien Hue,WinMart+,,,convenience,16.4685023,107.5963562
Thua Thien Hue,Nâu Coffee Shop,,Đặng Huy Trứ,,16.4445629,107.5863113
Thua Thien Hue,Siêu thị mini ozmart,,,convenience,16.465656,107.5946618
Thua Thien Hue,K Store Hue - Giant Bicycle Repair Shop,,Diên Biên Phu,bicycle,16.4577858,107.5809011
Thua Thien Hue,,,,,16.4327477,107.5658862
Thua Thien Hue,WinMart,,,supermarket,16.4630664,107.5944082
Thua Thien Hue,,,,,16.411776,107.576214
Thua Thien Hue,,,,,16.4118484,107.5760331
Thua Thien Hue,,,,gift,16.465721,107.5882802
Thua Thien Hue,Friendly Store,,,boutique,16.4702576,107.5950801
Thua Thien Hue,Viet Nam Gifts,Hué,Chu Van An,boutique,16.4702218,107.5949759
Thua Thien Hue,am pm mini mart,,,convenience,16.4700584,107.5950897
Da Nang,Karty Coffee,,,,16.0687729,108.2250396
Da Nang,WinMart+,,,convenience,16.0746199,108.1493819
Da Nang,,,,,15.8789576,108.3048545
Da Nang,,,Trần Phú,gift,15.87703,108.3268288
Da Nang,Golden Silk,,,clothes,15.8758819,108.326441
Da Nang,,,,art,15.8776618,108.3245464
Da Nang,Viet Handicraft Village,,,gift,15.8782533,108.3250454
Da Nang,Chợ Mai,,,,16.1002449,108.2525503
Da Nang,Mini Mart 4-U,,,convenience,15.8804044,108.3262614
Da Nang,Quốc Huy,,Hoàng Văn Thụ,clothes,15.8769903,108.3301144
Da Nang,Tương,Hội An,Trần Hưng Đạo,,15.8797619,108.3279698
Da Nang,Hung,,,clothes,16.068105,108.220681
Da Nang,Hoa Tho,,,clothes,16.06512,108.223352
Da Nang,Tam Thinh Loi,,,jewelry,16.068086,108.223626
Da Nang,Non Son,,,clothes,16.068519,108.223701
Da Nang,Le Pavillion Gallery Hotel & Spa,Hoi An,Nguyễn Duy Hiệu,,15.8784987,108.3378221
Da Nang,Hoi An Art Craft Manufacturing Workshop,,,craft,15.8766982,108.3307777
Da Nang,Silk Road,Hoi An,Nguyễn Thái Học,,15.8764973,108.3280082
Da Nang,PNJ,Đà Nẵng,Trần Phú,jewelry,16.0701285,108.2239216
Da Nang,PNJ,Hoi An,Hai Bà Trưng,jewelry,15.8802681,108.3268883
Da Nang,Unknown,,,,15.8805717,108.3140836
Da Nang,Heaven and Earth Tours,Hoi An,Ngô Quyền,,15.8744977,108.3266335
Da Nang,Shopi,Đà Nẵng,Sơn Thủy 8,supermarket,16.0101859,108.2535593
Da Nang,Zura Shop,Da Nang,Nguyễn Hoàng,,16.0604601,108.213586
Da Nang,SHOP ĐỊU EM BÉ ĐÀ NẴNG,Đà Nẵng,Điện Biên Phủ,,16.0665289,108.2053666
Da Nang,Friendly Shop Shoes,,,clothes,15.8775976,108.3315731
Da Nang,Artbook,,,,15.8772293,108.3284566
Da Nang,H&T Shop Chuyên Hàng Mỹ,Hoi An,Phan Đăng Lưu,clothes,15.8933186,108.3164166
Da Nang,KIẾN GỖ coffee SHOP,Đà Nẵng,Lạc Long Quân,,16.0720444,108.1424099
Da Nang,Peace,,Lê Lợi,,15.8793536,108.3285871
Da Nang,Buffalo Horn Fine Art,,Phan Châu Trinh,,15.8785394,108.3275456
Da Nang,Hung An,,,,15.8794623,108.3267656
Da Nang,Mayfair hotel& Apartment Da Nang,,,,16.0736131,108.2416073
Da Nang,Bebe Clothing,Hội An,Hoàng Diệu,clothes,15.8782129,108.3325528
Da Nang,Reaching Out Arts and Crafts,,,,15.876624,108.327353
Da Nang,Friendly 2 leather bag,,,gift,15.8769562,108.3338522
Da Nang,Buffalo Leather Shop,,Trần Phú,clothes,15.8775413,108.3315473
Da Nang,Kim Hien,,Trần Hưng Đạo,clothes,15.879981,108.3271463
Da Nang,Bảo tàng Mỹ Thuật Đà nẵng,,,,16.0712623,108.2177145
Da Nang,nhà thờ Phú Hạ,,,,16.0337221,108.1057336
Da Nang,bến xe Đà Nẵng,,,,16.0572378,108.1723285
Da Nang,cầu vượt Ngã Ba Huế,,,,16.0600652,108.1761573
Da Nang,ngã tư Phú Hạ,,,,16.0301178,108.1155043
Da Nang,đèo Đại La - xã Hòa Sơn,,,,16.042982,108.1348727
Da Nang,chi nhánh Travel Indochina tại Đà nẵng,,,,16.048629,108.2409543
Da Nang,khách sạn Xanh - đường Hoàng văn Thái,,,,16.0553852,108.1631626
Da Nang,Ngã tư Quân Đoàn,,,,16.0494977,108.2223405
Da Nang,Nhà hàng sinh thái Chân Trời Góc Bể,,,,16.1006744,108.2244954
Da Nang,Blue Eye Tailor,,Nguyễn Thái Học,,15.876678,108.3297881
Da Nang,milano cafe 233 nguyen van linh,,,,16.0605495,108.2140182
Da Nang,"obama beach - son tra, danang",,,,16.0992659,108.3007404
Da Nang,Lantern Workplace and Workshops,,Cửa Đại,gift,15.8806139,108.3384782
Da Nang,YALY,,Trần Phú,,15.8773003,108.33027
Da Nang,Ringô Leather suede,,Trần Phú,,15.8772198,108.3298701
Da Nang,Quoc Hiep Marble Shop,,,furniture,16.0094026,108.2630185
Da Nang,Phi Long Plaza,,,jewelry,16.0604411,108.2135957
Da Nang,tattoo bon,,,department_store,16.067829,108.2015993
Da Nang,,,,,16.0559722,108.2390937
Da Nang,Chợ Miếu Bông,,Quốc lộ 1A,,15.97989,108.2089787
Da Nang,,,,clothes,15.8774163,108.3327806
Da Nang,Eli,,Tran Hung Dao,,15.8797692,108.327281
Da Nang,Ha Na,,,,15.8797912,108.327242
Da Nang,,,Trần Phú,gift,16.062989,108.223376
Da Nang,Amart,Hội An,Hai Bà Trưng,convenience,15.8777563,108.3268351
Da Nang,,,Hai Bà Trưng,,15.8813915,108.3262161
Da Nang,Hoang Dung Martial Arts Club,Hội An,Nguyễn Trường Tộ,,15.8849411,108.3306176
Da Nang,,,,department_store,16.0432041,108.2451708
Da Nang,,,Cua Dai,,15.8799302,108.3375251
Da Nang,Kimmy,Hội An,Trần Hưng Đạo,,15.8800452,108.3268657
Da Nang,Tie and Bow Tie,,Trần Phú,,15.8771599,108.3274461
Da Nang,Yaly Couture,,,,15.8765477,108.3292428
Da Nang,Be Be II Tailor,,Phan Châu Trinh,,15.8783924,108.3266783
Da Nang,Hưng Đức Shop - Đồ dã ngoại,,Cửa Đại,outdoor,15.8811076,108.3419283
Da Nang,Hưng Đức Shop - đồ dã ngoại,,Cửa Đại,outdoor,15.8807598,108.3419305
Da Nang,,,,,15.8772082,108.3286808
Da Nang,An,,Nguyễn Thái Học,,15.8765627,108.3287661
Da Nang,,,,art,15.8771458,108.3294928
Da Nang,Cloth Shop Su,,,,15.8799619,108.3274312
Da Nang,Hoi An Old Town,,,,15.8779509,108.3239898
Da Nang,,,,,16.0609924,108.1846072
Da Nang,,,,,16.0700185,108.2205141
Da Nang,,,,,16.0455792,108.2273451
Da Nang,,,Trần Hưng Đạo,,15.879944,108.3282272
Da Nang,,,Nguyễn Thái Học,clothes,15.8765802,108.3285609
Da Nang,Remy is the absolute best,,,,15.8799019,108.3375334
Da Nang,Cong an My An,,,,16.0426203,108.2481811
Da Nang,Lêvi Gallery,Đà Nẵng,Lê Hồng Phong,gift,16.0638091,108.2229512
Da Nang,Tailor Phuongnam,,Trần Phú,,15.8775172,108.3320202
Da Nang,A Dong Silk,,Trần Hưng Đạo,,15.8799858,108.3270459
Da Nang,Tam's Pub and Surf Shop,,An Thượng 5,,16.0482059,108.2455337
Da Nang,,,Phan Châu Trinh,,15.8784237,108.3306086
Da Nang,,,Trần Hưng Đạo,,15.8800895,108.3268836
Da Nang,Cát Việt Travel & Media,,,,16.0580155,108.2206803
Da Nang,Thu's house,,,,15.8878852,108.1118451
Da Nang,Long Vy,,,gift,15.8784892,108.3313798
Da Nang,,,,clothes,16.0519939,108.2172417
Da Nang,Michael Mini Mart,,Thái Phiên,convenience,15.881793,108.3280884
Da Nang,,,,,16.0703195,108.2456156
Da Nang,,,,,16.0796047,108.1325145
Da Nang,,,Lê Lợi,,15.8766992,108.3288647
Da Nang,Amy Custom Talor,,Cửa Đại,,15.8795951,108.3368048
Da Nang,Dai Duong,,,,15.8765608,108.3284741
Da Nang,Happy Heart Cafe,,Ngô Thi Sỹ;Đường Ngô Thì Sĩ,,16.047694,108.2448029
Da Nang,Kimono,,Trần Phú,clothes,15.8771699,108.3276192
Da Nang,,,Trần Hưng Đạo,,15.8799895,108.3255041
Da Nang,,,,,15.8797441,108.3285673
Da Nang,Art Gallery Studio,,,art,15.8775959,108.3359664
Da Nang,Đại Việt Cổ Shop,,,yes,15.9911083,108.2710483
Da Nang,mini mart minh huyen,,Cửa Đại,convenience,15.880411,108.341347
Da Nang,anna cloth shop,,Nguyễn Duy Hiệu,,15.8780672,108.3351803
Da Nang,,,Nguyễn Thái Học,,15.8765735,108.329768
Da Nang,,,,,15.8772495,108.3315181
Da Nang,,,,car_parts,15.8803135,108.3247855
Da Nang,Minimart Nhân Nguyễn,,,convenience,15.890266,108.3290135
Da Nang,Mini Mart Bích Cẩm,,Cửa Đại,convenience,15.8820387,108.3456024
Da Nang,,,,clothes,15.8766345,108.3304148
Da Nang,,,Cửa Đại,,15.879695,108.3371422
Da Nang,Simon the Tailor,Hội An,Phan Đình Phùng,clothes,15.8882589,108.3296282
Da Nang,Ber Shop Biker - Heltmet 3/4 Da Nang,Đà Nẵng,Trần Đức Thảo,yes,16.034785,108.2156117
Da Nang,,,,clothes,15.8780253,108.3346567
Da Nang,41 Tailor,,,,15.877297,108.3326002
Da Nang,minimart kidoshop,,Hà Bổng,department_store,16.0662104,108.2446508
Da Nang,Miuk style,,,clothes,15.8825289,108.324949
Da Nang,"Surprise, 35",,,clothes,15.8797202,108.3308548
Da Nang,,,,,15.877652,108.3262397
Da Nang,,,,clothes,15.8777179,108.3262407
Da Nang,Chợ Điện Dương mới,,,,15.9215858,108.3005673
Da Nang,Lotus Leaf Fine Arts & Jewellery,Hội An,Bạch Đằng,jewelry,15.877062,108.3321593
Da Nang,,,Bạch Đằng,jewelry,15.8771106,108.3322478
Da Nang,Art Gallery Alley,,,,15.8773051,108.3303466
Da Nang,T.Mart,,,convenience,15.8872581,108.3293728
Da Nang,FAIFOO,,Trần Hưng Đạo,,15.8799764,108.3273139
Da Nang,Chu Dai Bi,,,,16.0643389,108.2429817
Da Nang,Cho Ha Than,,,,16.0646963,108.2313711
Da Nang,WinMart,,,supermarket,16.0716248,108.2303226
Da Nang,,,,gift,16.0033964,108.2645143
Da Nang,,,Trần Nhân Tông,art,16.0952539,108.243117
Da Nang,,,,,16.0642925,108.2243232
Da Nang,min na clothes shop,,,clothes,15.8806017,108.326819
Da Nang,Da Nang City Party Committee,,,,16.0706565,108.2247422
Da Nang,,,,,16.0657551,108.1723943
Da Nang,Be Li,,Hai Bà Trưng,,15.8802083,108.3268862
Da Nang,Da Nang Apartments,Da Nang,Hoàng Sa,,16.0909041,108.2503666
Da Nang,Hiệu Giày,,Cửa Đại,clothes,15.8800797,108.3383534
Da Nang,Tailor Maya,,,,15.8771726,108.3289716
Da Nang,,,Trần Phú,clothes,15.8776524,108.332285
Da Nang,,,Hai Bà Trưng,,15.88173,108.3253618
Da Nang,,,,,15.8774546,108.3303704
Da Nang,Hoi An Handicraft Workshop,,,art,15.8767136,108.3308734
Da Nang,Le Le Cloth Shop,Hội An,Trần Hưng Đạo,department_store,15.8799838,108.3270879
Da Nang,Eli ClothShop & Tailor,Hội An,Trần Hưng Đạo,department_store,15.8799835,108.3270926
Da Nang,Shoping Mall,Hội An,Trần Hưng Đạo,department_store,15.8799817,108.327131
Da Nang,Cloth Shop Kim Nhung,Hội An,Trần Hưng Đạo,convenience,15.8799524,108.3263714
Da Nang,Nuni Cloth Shop And Tailor,Hội An,Trần Hưng Đạo,convenience,15.879954,108.326118
Da Nang,Wild Orchid Hoi An;Nuni Cloth Shop And Tailor,Hội An,Trần Hưng Đạo,convenience,15.8800145,108.3258375
Da Nang,BILL BEN TAILOR,Hội An,Trần Hưng Đạo,department_store,15.8797702,108.3277121
Da Nang,Bi Bo Design,Hội An,Trần Hưng Đạo,department_store,15.8799402,108.3276881
Da Nang,Blue Ms. Tam Tam,Hội An,Trần Hưng Đạo,department_store,15.8799424,108.3276506
Da Nang,Cloth Shop Faifoo,Hội An,Trần Hưng Đạo,department_store,15.8799453,108.3276016
Da Nang,Ha Na Tailor,Hội An,Trần Hưng Đạo,department_store,15.8799818,108.32739
Da Nang,White Pearl Apartment,Hội An,Lý Thái Tổ,,15.8875368,108.3324889
Da Nang,Hieu Vang,,Đường Điện Biên Phủ,jewelry,16.0653064,108.1849944
Da Nang,Thanh thanh son,,Nguyễn Văn Thoại,jewelry,16.0542642,108.2388558
Da Nang,Nhan Store,,Hai Bà Trưng,clothes,15.8790587,108.3267851
Da Nang,Hoa Quy Smart City,Phường Hòa Quý,,,15.9820688,108.2316545
Da Nang,Ao Ba Ba,,,,15.8771519,108.3273471
Da Nang,,,,clothes,15.879123,108.3287382
Da Nang,Gingko,,,clothes,15.8771475,108.3272241
Da Nang,nem dhop,,"lê duẩn,quận hải châu,tp đà nẵng",clothes,16.0041713,108.1912441
Da Nang,Ca Li Custom Made Tailor,,Phan Bội Châu,,15.8771786,108.334983
Da Nang,PNJ,,Đường Phan Châu Trinh,jewelry,16.0568883,108.2189191
Da Nang,PNJ,,,jewelry,16.060316,108.214332
Da Nang,PNJ,,,jewelry,16.066657,108.213055
Da Nang,PNJ,,,jewelry,16.0345972,108.2292457
Da Nang,PNJ,,,jewelry,16.067161,108.220262
Da Nang,PNJ,,,jewelry,16.065706,108.154721
Da Nang,PNJ,,,jewelry,16.0589243,108.2349282
Da Nang,PNJ,,,jewelry,16.0678837,108.2082142
Da Nang,PNJ,,,jewelry,16.067893,108.217157
Da Nang,WinMart+,,Văn Cận,convenience,16.0359348,108.2113715
Da Nang,WinMart+,,Đường Trần Cao Vân,convenience,16.0711179,108.1934343
Da Nang,WinMart+,,Đống Đa,convenience,16.0765484,108.215938
Da Nang,WinMart+,,Đường Tôn Đức Thắng,convenience,16.0638186,108.1573317
Da Nang,VinMart+,,Hà Chương,convenience,16.0653342,108.2445035
Da Nang,WinMart+,,Lê Hồng Phong,convenience,16.0641601,108.2193994
Da Nang,WinMart+,,Lê Văn Hiến,convenience,16.0179707,108.2530991
Da Nang,WinMart+,,Đường Hà Huy Tập,convenience,16.0676492,108.1918724
Da Nang,WinMart+,,Nguyễn Lương Bằng,convenience,16.0738602,108.1498215
Da Nang,WinMart+,,Trưng Nữ Vương,convenience,16.0535909,108.2187436
Da Nang,WinMart+,,Đường Trương Chí Cương,convenience,16.0311129,108.2241777
Da Nang,VinMart+,,Lý Thường Kiệt,convenience,16.0800368,108.2197427
Da Nang,WinMart+,,Đường Tôn Đức Thắng,convenience,16.0644372,108.1567631
Da Nang,WinMart+,,Phan Thanh,convenience,16.0598802,108.2092808
Da Nang,WinMart+,,Cao Thắng,convenience,16.0766541,108.2136152
Da Nang,VinMart+,,Lê Thanh Nghị,convenience,16.0393723,108.2180248
Da Nang,WinMart+,,Đường Lê Độ,convenience,16.0678137,108.2014293
Da Nang,VinMart+,,Dũng Sĩ Thanh Khê,convenience,16.0725664,108.1783227
Da Nang,Linh Chi,,,,15.8793547,108.3209426
Da Nang,,,,clothes,15.8770574,108.3207159
Da Nang,Hiệu vải Ba-Ri,,,clothes,15.8785093,108.3285906
Da Nang,Hoàng Lô,,Trần Phú,clothes,15.87713,108.3266845
Da Nang,Lấp lánh,,Lê Lợi,gift,15.8774468,108.3286844
Da Nang,Ngọc đức,,Trần Phú,gift,15.8770215,108.3266907
Da Nang,,,,gift,15.8777882,108.3268299
Da Nang,Logo,,,gift,15.877118,108.3267862
Da Nang,"681, phan chu trinh",,Hai Bà Trưng,gift,15.8776644,108.3268363
Da Nang,Tú thủy,,,clothes,15.8784286,108.3268875
Da Nang,Hào,,,clothes,15.8790165,108.3285014
Da Nang,Tình cờ,,Trần Phú,gift,15.8771581,108.3274159
Da Nang,Minh Nhi,,Trần Hưng Đạo,clothes,15.8798078,108.3275436
Da Nang,Loan tân,,Trần Phú,gift,15.8770691,108.3277937
Da Nang,Amart,,Hai Bà Trưng,convenience,15.881445,108.3259167
Da Nang,Hiệu vải Thống Phi,,Lê Lợi,gift,15.8786837,108.3285403
Da Nang,nhà may sơn ca,,Trần Phú,clothes,15.8770619,108.3273973
Da Nang,New world,,,clothes,15.8765614,108.3289136
Da Nang,Me Xe Tailor,,Nguyễn Thái Học,clothes,15.8765633,108.328697
Da Nang,Smart Garden Homestay,Hội An,Hùng Vương,,15.8798106,108.318913
Da Nang,nam mart,,Dương Đình Nghệ,convenience,16.0686715,108.238898
Da Nang,minimart,,Hà Bổng,convenience,16.0658892,108.2444591
Da Nang,Q mart,,Đường Nguyễn Văn Thoại,convenience,16.0559014,108.2456155
Da Nang,seoul mart,,Dương Đình Nghệ,convenience,16.0690149,108.2376349
Da Nang,bách hoá mart,,Hồ Nghinh,convenience,16.0761593,108.2428977
Da Nang,mini mart,,An Cư 7,convenience,16.0765001,108.2414903
Da Nang,đà nẵng mart,,Đông Kinh Nghĩa Thục,convenience,16.0754639,108.2417494
Da Nang,G Mart,,Nguyễn Duy Hiệu,convenience,16.0555198,108.2385026
Da Nang,hello mart,,Nguyễn Duy Trinh,convenience,15.9981066,108.2620479
Da Nang,Ha Ha Art in Everything,,Trần Phú,gift,15.8770382,108.3263072
Da Nang,kid house,,Đường Thái Thị Bôi,clothes,16.0680366,108.1931432
Da Nang,Bio Garten,,Đường Hoàng Văn Thụ,convenience,16.0630238,108.2187558
Da Nang,,,,,15.8779737,108.3221254
Da Nang,,,,,15.877043,108.3262645
Da Nang,,,,clothes,15.8770912,108.3256682
Da Nang,Than Tú,,,,15.8791224,108.3285891
Da Nang,Art in Paradise Da Nang 3D Museum,,Trần Nhân Tông,,16.0953807,108.2430769
Da Nang,Phố Hội Lantern workshop,,Nguyễn Duy Hiệu,art,15.8782127,108.3369602
Da Nang,Buddha,,,,16.0043609,108.2645787
Da Nang,tuti,,,clothes,16.0535899,108.2202578
Da Nang,The Earth Villa,,,,15.8827523,108.3461086
Da Nang,,,Trần Hưng Đạo,,15.8799681,108.3273225
Da Nang,An Nam Shoes Shop,,Hai Bà Trưng,,15.8796541,108.3268472
Da Nang,Phan Kim Chi Art Gallery,,Lê Lợi,,15.8774754,108.3285499
Da Nang,SEN Boutique Villa Apartment,,An Thượng 34,,16.0492892,108.2436971
Da Nang,Min Min Shop,,Phạm Phú Thứ,clothes,15.887788,108.2516157
Da Nang,Chợ Đêm,Hội An,Nguyễn Hoàng,,15.8757772,108.3259285
Da Nang,Danang Moment - Boutique Serviced Apartment,,An Thượng 34,,16.0492961,108.2437637
Da Nang,Paul Bespoke Tailor,Đà Nẵng,Hùng Vương,clothes,16.0685332,108.2235638
Da Nang,AU MiniMart,,,supermarket,16.073743,108.2422346
Da Nang,Bi Bi Silk,,,clothes,15.8784376,108.3283054
Da Nang,Art Stamps,,,,15.877068,108.3288192
Da Nang,,,,,15.8773381,108.328701
Da Nang,Sô.Va Art Hand Embroidery,,Trần Phú,art,15.8770649,108.3279435
Da Nang,,,,,15.8782503,108.3234844
Da Nang,,,,,15.8886042,108.3300447
Da Nang,YMA-Home Decor,,,furniture,16.0392712,108.2464774
Da Nang,SG Bros,,,clothes,16.0622205,108.2196609
Da Nang,,,,clothes,16.0536211,108.2174512
Da Nang,,,18 Tháng 8,,15.8752292,108.3206763
Da Nang,GanGaa Boutique & Tailoring,,Trần Cao Vân,,15.8824634,108.3276815
Da Nang,,,,gift,15.8770414,108.3268904
Da Nang,,,Nguyễn Thái Học,,15.8766475,108.3299159
Da Nang,Nocturnal Artist,,Nguyễn Duy Hiệu,,15.8776188,108.3328555
Da Nang,Réhahn Gallery,,Nguyễn Huệ,art,15.8779774,108.3313287
Da Nang,Khôi Tailor,,Phan Châu Trinh,,15.8785567,108.3235012
Da Nang,Hero Statue,,,,16.0653638,108.2045114
Da Nang,Mini Mart,,,convenience,16.0495785,108.248145
Da Nang,An An Mart,,Lý Thường Kiệt,supermarket,15.8837218,108.3267504
Da Nang,Burger Craft,,,,15.8800775,108.3268795
Da Nang,Halos Mart,,Đường Quang Trung,convenience,16.0745297,108.2193178
Da Nang,TyNa,,,clothes,15.876384,108.3323764
Da Nang,WinMart+,,Đường Tô Hiệu,convenience,16.0641046,108.1666656
Da Nang,Mũ bảo hiểm Tường Vy,,,car_parts,16.0654572,108.2023548
Da Nang,Như Minh,,,,16.0658683,108.1970078
Da Nang,KTM,,Đường Điện Biên Phủ,,16.0659373,108.1956728
Da Nang,Mita Door,,,,16.0659122,108.196055
Da Nang,Lucky Bamboo Shop,,Đường Nguyễn Đôn Tiết,,16.0805264,108.2171459
Da Nang,,,Đường Ông Ích Khiêm,clothes,16.0747707,108.2126673
Da Nang,WinMart+,,Đường Nguyễn Đình Tứ,convenience,16.0501762,108.1777821
Da Nang,,,Đường Nguyễn Hoàng,clothes,16.0624313,108.2138944
Da Nang,Happy Shop,,Đường Nguyễn Hoàng,,16.0617624,108.2139111
Da Nang,L@nn Yoga & Fashion,,Đường Tôn Đản,clothes,16.0405781,108.1835297
Da Nang,WinMart+,,Đường Trần Cao Vân,convenience,16.0711243,108.1928071
Da Nang,VinMart,,Đường Phan Đăng Lưu,convenience,16.0368344,108.2094131
Da Nang,WinMart+,,Đường Châu Thượng Văn,convenience,16.043808,108.2205959
Da Nang,WinMart+,,Đường Núi Thành,convenience,16.0449615,108.2211658
Da Nang,YoFaSo,,Đường Âu Cơ,clothes,16.0716817,108.1500028
Da Nang,Fresh Fish Mart,,Đường Điện Biên Phủ,seafood,16.065378,108.1860021
Da Nang,petmart,,Đường Điện Biên Phủ,pet,16.0656048,108.1923777
Da Nang,,,Đường Bình Thái 1,,16.0141734,108.2051349
Da Nang,Phố cổ Hội An,,,,15.8784139,108.3234141
Da Nang,Co.opMart,,,supermarket,16.0944744,108.2427257
Da Nang,WinMart+,Đà Nẵng,Đường Hàm Nghi,convenience,16.0622431,108.2106674
Da Nang,,,,gift,15.8772887,108.3298032
Da Nang,WinMart+,Hội An,Hoàng Diệu,supermarket,15.8736324,108.3330591
Da Nang,FPT Shop,,,mobile_phone,16.065632,108.1838189
Da Nang,FPT Shop,,,mobile_phone,15.9353271,108.2547226
Da Nang,FPT Shop,,,mobile_phone,16.0609276,108.2173092
Da Nang,FPT Shop,,,mobile_phone,16.0575859,108.172028
Da Nang,VinMart+,,Đinh Tiên Hoàng,convenience,15.8853922,108.3290244
Da Nang,WinMart+,,Đường Phan Châu Trinh,convenience,16.0680849,108.2202281
Da Nang,,,,gift,15.8756211,108.3258107
Da Nang,Bao An,,Nguyễn Duy Hiệu,,15.8780106,108.3351569
Da Nang,,,Trần Hưng Đạo,art,15.8792288,108.3298632
Da Nang,Art for Life coffe,,Đường 2 Tháng 9,,16.0358122,108.223819
Da Nang,An Phước,,Hoàng Diệu,clothes,16.0649896,108.2191791
Da Nang,An Phước,,Điện Biên Phủ,clothes,16.0656498,108.1926737
Da Nang,An Phước,,- 254 - 256 Lê Duẩn,clothes,16.0699763,108.2118297
Da Nang,An Phước,,Hùng Vương,clothes,16.0677503,108.2167914
Da Nang,Magasin Vân,,,,15.8872885,108.3316994
Da Nang,,,,,15.8770885,108.3206657
Da Nang,Canali,,Trần Hưng Đạo,,15.8797949,108.3274192
Da Nang,The Craftsman Cocktail Bar,,Phan Tứ,,16.0465373,108.2470111
Da Nang,Vinh Mart,,,convenience,16.0530105,108.2108228
Da Nang,Noodle shop,,,,16.0626988,108.2229473
Da Nang,WinMart+,,,convenience,16.0826984,108.2219101
Da Nang,Second Hand Shop,,,second_hand,16.076028,108.2154643
Da Nang,WinMart+,,,convenience,16.0771707,108.2162468
Da Nang,Ao Quan Nu,,,clothes,16.0812033,108.2171967
Da Nang,,,,clothes,15.8766873,108.3305282
Da Nang,Cong Hua Xa,,,,16.0558591,108.2393895
Da Nang,Tap Hoa Long Minimart,,,convenience,15.9139078,108.336476
Da Nang,,,,,16.0680761,108.2251039
Da Nang,Art Gallery,,,,16.0857203,108.2194277
Da Nang,Non La,,,gift,16.0857055,108.2194606
Da Nang,Phuoc Van,,,clothes,16.0862395,108.2197699
Da Nang,,,,,16.0684498,108.2251157
Da Nang,,,,,16.0685816,108.2251001
Da Nang,,,,,16.0682929,108.2251442
Da Nang,,,,,16.0681306,108.2251416
Da Nang,Kim Yến,,,jewelry,16.0680318,108.2248049
Da Nang,,,,,16.0686349,108.2252725
Da Nang,K-mart,,,convenience,16.0688535,108.2249298
Da Nang,,,,,16.0683868,108.2251577
Da Nang,,,,,16.0678896,108.2250778
Da Nang,,,,,16.068221,108.2250843
Da Nang,,,,,16.0684123,108.2252266
Da Nang,,,,,16.0685107,108.2250813
Da Nang,,,,,16.0681942,108.2252246
Da Nang,,,,,16.0680059,108.2251285
Da Nang,,,,,16.0685356,108.2251352
Da Nang,,,,,16.0686895,108.2251284
Da Nang,,,,,16.0683488,108.225153
Da Nang,,,,,16.0679719,108.2250866
Da Nang,Olug,,,clothes,16.0683625,108.2248172
Da Nang,,,,,16.0677045,108.2250982
Da Nang,,,,,16.0682974,108.2252117
Da Nang,,,,,16.0679307,108.2251597
Da Nang,Lợi,,,car_parts,16.065788,108.2225772
Da Nang,Dông Thu Mart,,,beverages,16.0688285,108.223842
Da Nang,Châu Á Mart,,,supermarket,16.0690149,108.2238657
Da Nang,Minh Hai,,,clothes,16.0692044,108.2238683
Da Nang,,,,department_store,15.8766219,108.3272421
Da Nang,Mai Anh Home,,,,16.0686895,108.2234197
Da Nang,Hương Việt Nam,,,art,16.0691477,108.2240885
Da Nang,Như Y Collection,,,clothes,16.069112,108.2240894
Da Nang,M.Thong,,,clothes,16.0689415,108.2240579
Da Nang,Mini Mart,,,convenience,15.8799123,108.3246024
Da Nang,VinMart+,,,convenience,15.8799168,108.3257484
Da Nang,Hoi An Traditional Art Performance House,,,,15.8760742,108.3296451
Da Nang,WinMart+,,,convenience,16.0711636,108.2107451
Da Nang,Quan Cao Lau Thanh noodle shop,,Thái Phiên,,15.8816934,108.3283862
Da Nang,,,,,15.957235,108.2916707
Da Nang,,,,,15.8809498,108.3264674
Da Nang,Ceramics and lanterns,,,gift,15.8766001,108.3325382
Da Nang,The Lantern Lady,,,art,15.8768911,108.3354847
Da Nang,,,,gift,15.878487,108.3318013
Da Nang,,,,,15.9135878,108.335558
Da Nang,,,,gift,15.8770786,108.327658
Da Nang,,,,clothes,15.8798429,108.3271601
Da Nang,,,,clothes,15.8770957,108.3289412
Da Nang,,,,clothes,15.8779003,108.3344028
Da Nang,THÀNH SINH,,Nguyễn Duy Hiệu,,15.8780742,108.3355013
Da Nang,WinMart+,,,convenience,15.8885105,108.3226657
Da Nang,Workshop Nattes,,,variety_store,15.8514443,108.3493282
Da Nang,,,,gift,15.8764742,108.3311868
Da Nang,Nhà may Thanh Hương,,Đường Lê Quảng Chí,,16.0199049,108.2265436
Da Nang,FPT Shop,,,electronics,16.0538026,108.2369423
Da Nang,,,,interior_decoration,16.0543377,108.2367843
Da Nang,BQ,,,clothes,16.0539326,108.2377878
Da Nang,45 Anh thu,,Hoàng Diệu,,15.8768899,108.3329589
Da Nang,노니판매점,,,gift,16.0894666,108.2394816
Da Nang,Gio coffee,,,gift,16.0692623,108.2376088
Da Nang,Happy shop,,Đường Trần Nam Trung,clothes,16.001451,108.215342
Da Nang,Hoi An Heart Lodge,Hội An,Trần Cao Vân,,15.8808257,108.3272575
Da Nang,Gari 2Hand Clothing,Đà Nẵng,Kiệt 54 Hoàng Văn Thái,clothes,16.056215,108.1640094
Da Nang,Bến du thuyền Tiệm Rượu Chợ Củi Kẻ Thá,,,,15.8571121,108.2723191
Da Nang,TASY STUDIO,Điện Bàn,36A,,15.9256934,108.2939032
Da Nang,Duc Hanh Apartment,Đà Nẵng,Kiệt 19A Hà Huy Tập,,16.0705844,108.1921971
Da Nang,,,,,15.8752294,108.3390798
Da Nang,,,,,15.8748014,108.3389259
Da Nang,,,,,15.8747847,108.3387369
Da Nang,,,,,15.8750504,108.3387154
Da Nang,Viet Nam's Delights,,,gift,16.0529455,108.2025036
Da Nang,Lucky Gift Shop,,,gift,16.0534787,108.2030176
Da Nang,,,,,15.8861651,108.3207248
Da Nang,Seoul Vua Mi Cay,,,clothes,15.8822989,108.3321691
Da Nang,Winmart,,,supermarket,15.9323352,108.2546513
Da Nang,Lưu Niệm - Đặc Sản,,,gift,16.0526636,108.2025317
Da Nang,,,Bạch Đằng,clothes,15.8761018,108.3291153
Da Nang,Smile Souvenir Shop,,,gift,16.0525539,108.2025402
Da Nang,,,,gift,16.0030617,108.2648486
Da Nang,Sunday in Hoi An,,,gift,15.8771753,108.3262871
Da Nang,WinMart,,,supermarket,16.0396159,108.2456166
Da Nang,Chi House Hotel & Apartment,,Đường Lâm Hoành,,16.0617324,108.2452005
Da Nang,Quân barber shop,,Đường Lê Hữu Trác,hairdresser,16.0585566,108.2411376
Da Nang,Art Space,,,,15.8773246,108.3357434
Da Nang,VinMart+,,,convenience,15.881719,108.3489589
Da Nang,huulala,,,boutique,15.8770566,108.3291954
Da Nang,Daisu Silk,,,clothes,15.8765149,108.3297294
Da Nang,Hart,,,gift,15.8765176,108.3297751
Da Nang,Artbook,,,,15.8779723,108.326669
Da Nang,722 Hai Bà Trưng,Hoi An,Hai Bà Trưng,gift,15.8782134,108.3266893
Da Nang,,,,,15.8771628,108.3324782
Da Nang,,,,,15.8800224,108.328733
Da Nang,Old propaganda posters,,,art,15.8773577,108.3250026
Da Nang,Art Coffee,ĐÀ NẴNG,Đường Thạch Lam,,16.0565444,108.2446766
Da Nang,,,,clothes,16.0333212,108.22002
Da Nang,WinMart+,,Đường Châu Thị Vĩnh Tế,convenience,16.0498525,108.2407245
Da Nang,Tam Kim,,,gift,15.8766099,108.3311631
Da Nang,,,,,15.8775199,108.3286828
Da Nang,,,,clothes,15.8767518,108.3310411
Da Nang,,,,clothes,15.8800167,108.3267923
Da Nang,The Coffee Souvenir Shop,,,gift,15.8782195,108.3268152
Da Nang,,,,art,15.8837292,108.3256694
Da Nang,"THIẾT KẾ THI CÔNG SHOP, CỬA HÀNG TẠI ĐÀ NẴNG - TAGIA DECOR",,,,16.0640882,108.1629887
Da Nang,Quang Vinh Apartment and Hotel Hoi An,,"Lý Nam Đế, Sơn Phong, Hội An, Quảng Nam 560000",,15.88239,108.3337869
Da Nang,,,,gift,16.0388324,108.2282173
Da Nang,,,,gift,16.0402834,108.2283128
Da Nang,,,"Trần Cao Vân
Hội An
Vietnam",antiques,15.8807731,108.3278383
Da Nang,,,"01 Trần Phú, Chợ quần áo Hội An, Hội An, VN 560000",,15.8775043,108.3324047
Da Nang,WinMart+,,,convenience,16.0614004,108.220959
Da Nang,Buddha,,,,16.0043207,108.2622067
Da Nang,Buddha,,,,16.004402,108.2638971
Da Nang,WinMart+,,,convenience,16.0020528,108.2629787
Da Nang,,,,,16.0995606,108.2780151
Da Nang,,,,,16.1000106,108.2769715
Da Nang,,,,,15.8796622,108.3428803
Da Nang,Market Street,,,,16.0557874,108.2394141
Da Nang,Fruits and vegetables,,,,15.876183,108.3315667
Da Nang,Produce,,,,15.891668,108.314232
Da Nang,Anh Thư - Mini Mart,,,convenience,15.8882438,108.3224903
Da Nang,,,,,15.864851,108.3243023
Da Nang,WinMart+,,,supermarket,15.8912714,108.3137122
Da Nang,Kim Hong Phuc Gold Shop,,Hoang Dieu,jewelry,15.8768224,108.3328827
Da Nang,Thai Market,,,,15.9963119,107.9889349
Da Nang,Nhu Thao,,Nguyễn Thái Học,clothes,15.8765975,108.3301795
Da Nang,Thao Nha T&N,,Nguyễn Thái Học,clothes,15.8767036,108.3302107
Da Nang,Nhat Kim,,Nguyễn Thái Học,clothes,15.8767035,108.3301719
Da Nang,Giordano,,,clothes,16.0701243,108.2248554
Da Nang,The Gioi Kim Cuong,,,jewelry,16.0699725,108.2246885
Da Nang,,,,,15.8751773,108.325737
Da Nang,Lucky Souvenir Shop,,,gift,16.0523076,108.202787
Da Nang,WinMart+,,,convenience,16.0619909,108.2345102
Da Nang,,,,,15.8795728,108.3285869
Da Nang,Lady Buddha,,,,15.8920772,108.3236654
Da Nang,Lady Buddha,,,,15.8886194,108.3269418
Da Nang,Elephant,,,,15.8779055,108.3287514
Da Nang,Elephant,,,,15.8778999,108.328805
Da Nang,,,,,15.8825797,108.3293479
Da Nang,,,,,15.8827277,108.3293926
Da Nang,,,,,16.0375346,108.2408335
Da Nang,Lady Buddha,,,,16.0609832,108.2178549
Da Nang,7 Bridges Hoi An Craft Beer Tap Room,,Trần Phú,,15.8775,108.3309387
Da Nang,Hữu Nghị Mart,,Nguyễn Thị Minh Khai,convenience,15.8770688,108.325918
Da Nang,Thy Ly Art Gallery,,Nguyễn Thị Minh Khai,art,15.8770646,108.3258465
Da Nang,Minimart,,,convenience,15.913633,108.3391832
Da Nang,Lyn's Closet,,Đường Hùng Vương,clothes,16.068403,108.2196954
Da Nang,Lana Shop,,Đường Lê Duẩn,clothes,16.07009,108.2125151
Da Nang,Kat Jewelry,,Đường Lê Duẩn,jewelry,16.0700795,108.2124564
Da Nang,Mr. Polo,,Đường Lê Duẩn,clothes,16.0700735,108.2124173
Da Nang,Giày MT,,Đường Lê Duẩn,clothes,16.0699291,108.2126888
Da Nang,"Siêu Thị Đan Mart,",,"Siêu Thị Đan Mart,",,16.0509756,108.1625768
Da Nang,Bean Tailor Shop,,Phan Bội Châu,tailor,15.8767456,108.3331398
Da Nang,Chợ Phước Mỹ,,Đường Lý Văn Tố,,16.0665465,108.2422676
Da Nang,Dr. Dan Hotel & Apartment,,,,16.1055133,108.2594805
Da Nang,,,,,15.9133389,108.3360666
Da Nang,Kat Jewelry,,,jewelry,16.0699207,108.2124822
Da Nang,Tashi Park View Hotel & Apartment,,Đường Phước Trường 15,,16.0763967,108.2418113
Da Nang,,,Đường Dương Tự Quán,gift,16.0468476,108.2459376
Da Nang,Zuka Hotel & Apartments,,Kiệt 35 Dương Đình Nghệ,,16.0677368,108.2436651
Da Nang,2Colts,Đà Nẵng,Kiệt 112 Trần Cao Vân,clothes,16.0750322,108.2079529
Da Nang,Cherry Hotel & Apartments,,Đường Đỗ Bí,,16.0543834,108.2458171
Da Nang,ONE MORE CRAFT BEER,,,,16.075246,108.2217528
Da Nang,Good Mart,,,convenience,16.0512884,108.2467315
Da Nang,Happy Mart,,,convenience,16.0521826,108.2445319
Da Nang,FM,,,clothes,16.0544367,108.2403882
Da Nang,WinMart+,,,convenience,16.0547517,108.2405818
Da Nang,TT Mart,,,convenience,16.0548316,108.2408633
Da Nang,Samsung,,,,16.0607332,108.2193957
Da Nang,Sixdo,,,clothes,16.0607181,108.2189336
Da Nang,Apple Center,,,,16.0600536,108.2132586
Da Nang,Levi's,,,clothes,16.0609938,108.2186293
Da Nang,FPT Shop,,,electronics,16.0617862,108.2347136
Da Nang,Arrive Apartment,,,,16.0621868,108.2454565
Da Nang,Heart Spa,,,massage,16.0613869,108.2453848
Da Nang,Q-Mart,,,convenience,16.0557698,108.2442029
Da Nang,Samantha Apartment,,,,16.0530106,108.2450894
Da Nang,Sun Flower Apartment,,,,16.0488443,108.2467801
Da Nang,Lo Lem,,,clothes,16.055505,108.2432353
Da Nang,K-Mart,,,supermarket,16.0404802,108.2490041
Da Nang,Kim Liem Minimart,,,convenience,16.0527545,108.2446411
Da Nang,C Mart,,,convenience,16.0496718,108.2457754
Da Nang,Tan It Apple,,,,16.0656714,108.238987
Da Nang,San Apartment,,,,16.0652313,108.2404385
Da Nang,,,,clothes,16.0659463,108.2389567
Da Nang,Friendship Mart,,,convenience,16.0518975,108.2463333
Da Nang,Hello Mart,,,convenience,16.0523168,108.2476101
Da Nang,Fairy Apartment,,,,16.0640584,108.2395003
Da Nang,Tony Apartment & Homestay,,,,16.0645627,108.2394575
Da Nang,SH Apartment,,,,16.0648129,108.2397979
Da Nang,Family Mart,,,convenience,16.0636976,108.239658
Da Nang,Lucky Apartment,,,,16.0635035,108.2403185
Da Nang,Chợ đêm Lê Duẩn,Đà Nẵng,,,16.070751,108.2150164
Da Nang,Precious Heritage Art Gallery Museum,Hội An,Phan Bội Châu,,15.8771754,108.3342411
Da Nang,The Glory,,,clothes,16.0680729,108.2235736
Da Nang,101 Danang,,,clothes,16.0681,108.2231129
Da Nang,,,,,16.0600143,108.1642724
Da Nang,FO76 Kho Hàng Xuất Dư,,,clothes,16.0624532,108.2197951
Da Nang,The Flex,,,clothes,16.0686784,108.2235698
Da Nang,East West Brewing Co,,,,16.06761,108.2459869
Da Nang,BIA NHÀ BREWHOUSE - DANANG LOCAL CRAFTBEER,,,,16.0729879,108.2375995
Da Nang,Barber Shop NHỰA Style chi nhánh 7,,,hairdresser,16.0452568,108.2470536
Da Nang,Roliva Hotel & Apartment,,Đường Phạm Văn Đồng,,16.0717158,108.2348659
Da Nang,Buddha,,,,16.0044679,108.2639436
Da Nang,La My Custom Tailor,,,,15.8799596,108.3274057
Da Nang,Han Appartment,Da Nang,Mai Hắc Đế,,16.0658272,108.2310507
Da Nang,Hung Dong coasters,,,,15.8773637,108.3303026
Da Nang,The Crafty Cow,,Bạch Đằng,,16.0642922,108.2240361
Da Nang,Tie Tag coffeeshop,,,,16.0650812,108.2231073
Da Nang,Магазин запчастей для мотоциклов,,,car_parts,15.8792551,108.3214226
Da Nang,The Home hotel & apartment,,,,16.0721125,108.2382472
Da Nang,Sun Mini Mart,,,convenience,16.0704821,108.2379766
Da Nang,Hanh Nga Mart,,,convenience,15.8848154,108.3300808
Da Nang,The Blues,,,clothes,15.8822987,108.3318072
Da Nang,Hiu Mart and Nu's Home baking,,,convenience,15.8799361,108.3259413
Da Nang,Tron Hoi An Hidden coffee shop,,,,15.8796042,108.3240681
Da Nang,Shop bao cao su AdultShop Đà Nẵng,Đà Nẵng,Đường Nguyễn Hoàng,smartshop,16.0568518,108.212869
Da Nang,Sontra mini Mart 24h,Đà Nẵng,Đường Hoàng Sa,convenience,16.0994015,108.2545727
Da Nang,Brio mart and coffee,,,convenience,16.0667653,108.2238294
Da Nang,Khách Sận Kamala Hotel & Department,Đà Nẵng,Đường Hà Bổng,,16.0685105,108.2440869
Da Nang,WinMart+,,,convenience,16.0518752,108.2422962
Da Nang,Soubo Thrift Shop,,,second_hand,16.0516655,108.2429594
Da Nang,WinMart+,,,convenience,16.0436885,108.2450951
Da Nang,Gold Mart,,,convenience,16.050889,108.2468654
Da Nang,Mart Souvenir,,,gift,16.052254,108.247414
Da Nang,Q-Mart,,,convenience,16.0517906,108.2469068
Da Nang,Lotte Mart Đà Nẵng Đường Nại Nam,,"Lotte Mart Đà Nẵng Đường Nại Nam,",,16.0349865,108.2300452
Da Nang,Q - mart,,,convenience,16.0528762,108.2462406
Da Nang,Nina Mart,,,convenience,16.0624746,108.2452584
Da Nang,Happy Mart,,,convenience,16.0491456,108.247412
Da Nang,Nguyen Nguyen,,,gift,16.0494067,108.2473624
Da Nang,Tre Vang Bamboo Jaune,,,clothes,15.877037,108.3299645
Da Nang,G-Mart,,,gift,16.0529367,108.2465409
Da Nang,Friendship Mart,,,convenience,16.0532226,108.2464659
Da Nang,Golden Lotus Apartment,,,,16.0532775,108.2464319
Da Nang,Friendship Mart,,,convenience,16.0538148,108.246245
Da Nang,,,,gift,16.0538875,108.246225
Da Nang,Taian Apartment,,,,16.0501518,108.2468625
Da Nang,Taiyo Hotel & Appartment,,,,16.0503144,108.2468573
Da Nang,B&M Apartment,,,,16.0504651,108.2468069
Da Nang,Gold World,,,jewelry,16.0564046,108.2462666
Da Nang,Hello Mart,,,convenience,16.0623664,108.2452612
Da Nang,,,,gift,16.05779,108.2467114
Da Nang,Hi Mart,,,convenience,16.0528033,108.2468554
Da Nang,Thinh Service,,,,16.0668924,108.2349713
Da Nang,,,,,16.0667916,108.2359321
Da Nang,Table Produce,,,gift,16.0511503,108.2463827
Da Nang,Cali Mart,,,convenience,16.0509682,108.2456428
Da Nang,Hello Miss,,,clothes,16.0512584,108.2450833
Da Nang,Minimart,,,convenience,16.0512119,108.2446791
Da Nang,Mart43,,,convenience,16.0508866,108.2436788
Da Nang,OEM,,,clothes,16.0535058,108.2466718
Da Nang,Capecia Hotel&Apartment,,,,16.052816,108.2460726
Da Nang,Monalisa Hotel&Apartment,,,,16.052763,108.2458868
Da Nang,H-Mart,,,convenience,16.0524481,108.2465233
Da Nang,Yến Vy Hotel & Apartment,,,,16.0512665,108.2460516
Da Nang,Kokoji Mart,,,convenience,16.0508777,108.2428131
Da Nang,Grand Mart,,,convenience,16.0501996,108.2454558
Da Nang,,,,gift,16.0484019,108.2418339
Da Nang,TA Apartment,,,,16.0509137,108.246654
Da Nang,Phoenix Hotel&Apartment,,,,16.0525055,108.2449396
Da Nang,Groove,,,clothes,16.0580845,108.2448921
Da Nang,A-Mart,,,convenience,16.0554159,108.245038
Da Nang,Dac San Da Nang,,,gift,16.0556003,108.2456618
Da Nang,B-mart,,,convenience,16.049682,108.2472812
Da Nang,,,,gift,16.0507349,108.2452365
Da Nang,Hi Coffe&Apartment,,,,16.0507668,108.2457811
Da Nang,AAU Mart,,,convenience,16.049269,108.247692
Da Nang,WinMart+,,,convenience,16.0492127,108.247971
Da Nang,Nina Mart,,,convenience,16.0486575,108.2484604
Da Nang,Danang Beach Apartment,,,,16.0497163,108.2453707
Da Nang,Faifo Mart,,,convenience,16.0486308,108.24112
Da Nang,Here Mart,,,convenience,16.0473268,108.2435831
Da Nang,Good Mart,,,convenience,16.0481385,108.2462379
Da Nang,Artemis,,,convenience,16.0490505,108.2459811
Da Nang,Oxy Mart,,,convenience,16.0475984,108.2453217
Da Nang,Gold Apartment,,,,16.0496263,108.2449252
Da Nang,Isabella Apartment,,,,16.0495408,108.2447134
Da Nang,TN Apartment,,,,16.0487287,108.2428648
Da Nang,TN Mart,,,convenience,16.0496723,108.2451935
Da Nang,Ut Barber Shop,,,hairdresser,16.0466689,108.2414924
Da Nang,TV’s hotel & appartment,,,,16.0469086,108.242183
Da Nang,Sweden Hotel&Apartment,,,,16.0521537,108.2455486
Da Nang,Mama Hotel&Apartment,,,,16.0519591,108.2455553
Da Nang,Happy Apartment,,,,16.049225,108.2468906
Da Nang,Hello Mart,,,convenience,16.0618527,108.2379576
Da Nang,Ana Mart,,,convenience,16.06252,108.2355087
Da Nang,Vintage,,,clothes,16.0393226,108.2448526
Da Nang,Mickey&Minnie,,,clothes,16.0493675,108.2460364
Da Nang,HS Mart,,,convenience,16.0397183,108.246688
Da Nang,Au Mart,,,convenience,16.0419281,108.2482625
Da Nang,Teu Mart,,,convenience,16.0462259,108.2450109
Da Nang,Z-Mart,,,convenience,16.0748365,108.244732
Da Nang,Danang Beach Apartment,,,,16.0526229,108.2439047
Da Nang,Mari Apartment,,,,16.0517091,108.2441128
Da Nang,Ngay Mai,,,gift,16.0526719,108.2456673
Da Nang,Vi-Mart,,,convenience,16.0514352,108.2448262
Da Nang,WinMart+,,Trần Nhân Tông,convenience,15.8781517,108.344791
Da Nang,Th true mart,,,convenience,16.038641,108.2220832
Da Nang,,,,,15.9949603,107.9965429
Da Nang,,,,,15.9951517,107.9961399
Da Nang,Louis luxury apartments,,,,16.0470752,108.222153
Da Nang,Lucky Shop,,,gift,16.0551062,108.2022603
Quang Nam,,,,,15.8789576,108.3048545
Quang Nam,,,Trần Phú,gift,15.87703,108.3268288
Quang Nam,,,,gift,15.7750052,108.1089797
Quang Nam,Golden Silk,,,clothes,15.8758819,108.326441
Quang Nam,,,,art,15.8776618,108.3245464
Quang Nam,Viet Handicraft Village,,,gift,15.8782533,108.3250454
Quang Nam,Mini Mart 4-U,,,convenience,15.8804044,108.3262614
Quang Nam,Quốc Huy,,Hoàng Văn Thụ,clothes,15.8769903,108.3301144
Quang Nam,Tương,Hội An,Trần Hưng Đạo,,15.8797619,108.3279698
Quang Nam,Le Pavillion Gallery Hotel & Spa,Hoi An,Nguyễn Duy Hiệu,,15.8784987,108.3378221
Quang Nam,Hoi An Art Craft Manufacturing Workshop,,,craft,15.8766982,108.3307777
Quang Nam,Silk Road,Hoi An,Nguyễn Thái Học,,15.8764973,108.3280082
Quang Nam,PNJ,Hoi An,Hai Bà Trưng,jewelry,15.8802681,108.3268883
Quang Nam,Unknown,,,,15.8805717,108.3140836
Quang Nam,Heaven and Earth Tours,Hoi An,Ngô Quyền,,15.8744977,108.3266335
Quang Nam,Friendly Shop Shoes,,,clothes,15.8775976,108.3315731
Quang Nam,Artbook,,,,15.8772293,108.3284566
Quang Nam,H&T Shop Chuyên Hàng Mỹ,Hoi An,Phan Đăng Lưu,clothes,15.8933186,108.3164166
Quang Nam,Peace,,Lê Lợi,,15.8793536,108.3285871
Quang Nam,Buffalo Horn Fine Art,,Phan Châu Trinh,,15.8785394,108.3275456
Quang Nam,Hung An,,,,15.8794623,108.3267656
Quang Nam,Bebe Clothing,Hội An,Hoàng Diệu,clothes,15.8782129,108.3325528
Quang Nam,Reaching Out Arts and Crafts,,,,15.876624,108.327353
Quang Nam,Friendly 2 leather bag,,,gift,15.8769562,108.3338522
Quang Nam,Buffalo Leather Shop,,Trần Phú,clothes,15.8775413,108.3315473
Quang Nam,Kim Hien,,Trần Hưng Đạo,clothes,15.879981,108.3271463
Quang Nam,Blue Eye Tailor,,Nguyễn Thái Học,,15.876678,108.3297881
Quang Nam,Lantern Workplace and Workshops,,Cửa Đại,gift,15.8806139,108.3384782
Quang Nam,YALY,,Trần Phú,,15.8773003,108.33027
Quang Nam,Ringô Leather suede,,Trần Phú,,15.8772198,108.3298701
Quang Nam,khu du lịch nước mát,,,,15.6904862,108.1635625
Quang Nam,,,,clothes,15.8774163,108.3327806
Quang Nam,Eli,,Tran Hung Dao,,15.8797692,108.327281
Quang Nam,Ha Na,,,,15.8797912,108.327242
Quang Nam,Amart,Hội An,Hai Bà Trưng,convenience,15.8777563,108.3268351
Quang Nam,A mart,,,convenience,15.8962194,108.3642051
Quang Nam,,,Hai Bà Trưng,,15.8813915,108.3262161
Quang Nam,Hoang Dung Martial Arts Club,Hội An,Nguyễn Trường Tộ,,15.8849411,108.3306176
Quang Nam,,,Cua Dai,,15.8799302,108.3375251
Quang Nam,Kimmy,Hội An,Trần Hưng Đạo,,15.8800452,108.3268657
Quang Nam,Tie and Bow Tie,,Trần Phú,,15.8771599,108.3274461
Quang Nam,Yaly Couture,,,,15.8765477,108.3292428
Quang Nam,Be Be II Tailor,,Phan Châu Trinh,,15.8783924,108.3266783
Quang Nam,Hưng Đức Shop - Đồ dã ngoại,,Cửa Đại,outdoor,15.8811076,108.3419283
Quang Nam,Hưng Đức Shop - đồ dã ngoại,,Cửa Đại,outdoor,15.8807598,108.3419305
Quang Nam,,,,,15.8772082,108.3286808
Quang Nam,An,,Nguyễn Thái Học,,15.8765627,108.3287661
Quang Nam,,,,art,15.8771458,108.3294928
Quang Nam,Cloth Shop Su,,,,15.8799619,108.3274312
Quang Nam,Hoi An Old Town,,,,15.8779509,108.3239898
Quang Nam,,,Trần Hưng Đạo,,15.879944,108.3282272
Quang Nam,,,Nguyễn Thái Học,clothes,15.8765802,108.3285609
Quang Nam,Remy is the absolute best,,,,15.8799019,108.3375334
Quang Nam,Tailor Phuongnam,,Trần Phú,,15.8775172,108.3320202
Quang Nam,A Dong Silk,,Trần Hưng Đạo,,15.8799858,108.3270459
Quang Nam,,,Phan Châu Trinh,,15.8784237,108.3306086
Quang Nam,,,Trần Hưng Đạo,,15.8800895,108.3268836
Quang Nam,Thu's house,,,,15.8878852,108.1118451
Quang Nam,Long Vy,,,gift,15.8784892,108.3313798
Quang Nam,Michael Mini Mart,,Thái Phiên,convenience,15.881793,108.3280884
Quang Nam,,,Lê Lợi,,15.8766992,108.3288647
Quang Nam,Amy Custom Talor,,Cửa Đại,,15.8795951,108.3368048
Quang Nam,"Motobike repair, rent and sale",,Cua Dai,car_parts,15.8883274,108.3526168
Quang Nam,Dai Duong,,,,15.8765608,108.3284741
Quang Nam,Kimono,,Trần Phú,clothes,15.8771699,108.3276192
Quang Nam,,,Trần Hưng Đạo,,15.8799895,108.3255041
Quang Nam,,,,,15.8797441,108.3285673
Quang Nam,Art Gallery Studio,,,art,15.8775959,108.3359664
Quang Nam,mini mart minh huyen,,Cửa Đại,convenience,15.880411,108.341347
Quang Nam,mini mart Hong,,Cửa Đại,convenience,15.8914454,108.3751054
Quang Nam,bến cảng cửa đại,,,,15.8786493,108.3882531
Quang Nam,anna cloth shop,,Nguyễn Duy Hiệu,,15.8780672,108.3351803
Quang Nam,,,Nguyễn Thái Học,,15.8765735,108.329768
Quang Nam,,,,,15.8772495,108.3315181
Quang Nam,,,,car_parts,15.8803135,108.3247855
Quang Nam,Minimart Nhân Nguyễn,,,convenience,15.890266,108.3290135
Quang Nam,Mini Mart Bích Cẩm,,Cửa Đại,convenience,15.8820387,108.3456024
Quang Nam,,,,clothes,15.8766345,108.3304148
Quang Nam,,,Cửa Đại,,15.879695,108.3371422
Quang Nam,Simon the Tailor,Hội An,Phan Đình Phùng,clothes,15.8882589,108.3296282
Quang Nam,,,,clothes,15.8780253,108.3346567
Quang Nam,41 Tailor,,,,15.877297,108.3326002
Quang Nam,Miuk style,,,clothes,15.8825289,108.324949
Quang Nam,"Surprise, 35",,,clothes,15.8797202,108.3308548
Quang Nam,,,,,15.877652,108.3262397
Quang Nam,,,,clothes,15.8777179,108.3262407
Quang Nam,,,,clothes,15.8841187,108.3821798
Quang Nam,Chợ Điện Dương mới,,,,15.9215858,108.3005673
Quang Nam,Tượng đài Bà Mẹ Việt Nam Anh Hùng,,,,15.5839015,108.5108256
Quang Nam,Lotus Leaf Fine Arts & Jewellery,Hội An,Bạch Đằng,jewelry,15.877062,108.3321593
Quang Nam,,,Bạch Đằng,jewelry,15.8771106,108.3322478
Quang Nam,Art Gallery Alley,,,,15.8773051,108.3303466
Quang Nam,T.Mart,,,convenience,15.8872581,108.3293728
Quang Nam,FAIFOO,,Trần Hưng Đạo,,15.8799764,108.3273139
Quang Nam,min na clothes shop,,,clothes,15.8806017,108.326819
Quang Nam,Be Li,,Hai Bà Trưng,,15.8802083,108.3268862
Quang Nam,Hiệu Giày,,Cửa Đại,clothes,15.8800797,108.3383534
Quang Nam,Tailor Maya,,,,15.8771726,108.3289716
Quang Nam,,,Trần Phú,clothes,15.8776524,108.332285
Quang Nam,Siêu Thị Coopmart,,,supermarket,15.5734335,108.4844616
Quang Nam,,,Hai Bà Trưng,,15.88173,108.3253618
Quang Nam,,,,,15.8774546,108.3303704
Quang Nam,Hoi An Handicraft Workshop,,,art,15.8767136,108.3308734
Quang Nam,Le Le Cloth Shop,Hội An,Trần Hưng Đạo,department_store,15.8799838,108.3270879
Quang Nam,Eli ClothShop & Tailor,Hội An,Trần Hưng Đạo,department_store,15.8799835,108.3270926
Quang Nam,Shoping Mall,Hội An,Trần Hưng Đạo,department_store,15.8799817,108.327131
Quang Nam,Cloth Shop Kim Nhung,Hội An,Trần Hưng Đạo,convenience,15.8799524,108.3263714
Quang Nam,Nuni Cloth Shop And Tailor,Hội An,Trần Hưng Đạo,convenience,15.879954,108.326118
Quang Nam,Wild Orchid Hoi An;Nuni Cloth Shop And Tailor,Hội An,Trần Hưng Đạo,convenience,15.8800145,108.3258375
Quang Nam,BILL BEN TAILOR,Hội An,Trần Hưng Đạo,department_store,15.8797702,108.3277121
Quang Nam,Bi Bo Design,Hội An,Trần Hưng Đạo,department_store,15.8799402,108.3276881
Quang Nam,Blue Ms. Tam Tam,Hội An,Trần Hưng Đạo,department_store,15.8799424,108.3276506
Quang Nam,Cloth Shop Faifoo,Hội An,Trần Hưng Đạo,department_store,15.8799453,108.3276016
Quang Nam,Ha Na Tailor,Hội An,Trần Hưng Đạo,department_store,15.8799818,108.32739
Quang Nam,White Pearl Apartment,Hội An,Lý Thái Tổ,,15.8875368,108.3324889
Quang Nam,Nhan Store,,Hai Bà Trưng,clothes,15.8790587,108.3267851
Quang Nam,Ao Ba Ba,,,,15.8771519,108.3273471
Quang Nam,,,,clothes,15.879123,108.3287382
Quang Nam,Bến phà Tam Quang,,,,15.4718169,108.6810146
Quang Nam,Bến phà Tam Hải,,,,15.4746438,108.6798232
Quang Nam,Gingko,,,clothes,15.8771475,108.3272241
Quang Nam,Ca Li Custom Made Tailor,,Phan Bội Châu,,15.8771786,108.334983
Quang Nam,PNJ,,,jewelry,15.565279,108.494337
Quang Nam,Linh Chi,,,,15.8793547,108.3209426
Quang Nam,,,,clothes,15.8770574,108.3207159
Quang Nam,Hiệu vải Ba-Ri,,,clothes,15.8785093,108.3285906
Quang Nam,Hoàng Lô,,Trần Phú,clothes,15.87713,108.3266845
Quang Nam,Lấp lánh,,Lê Lợi,gift,15.8774468,108.3286844
Quang Nam,Ngọc đức,,Trần Phú,gift,15.8770215,108.3266907
Quang Nam,,,,gift,15.8777882,108.3268299
Quang Nam,Logo,,,gift,15.877118,108.3267862
Quang Nam,"681, phan chu trinh",,Hai Bà Trưng,gift,15.8776644,108.3268363
Quang Nam,Tú thủy,,,clothes,15.8784286,108.3268875
Quang Nam,Hào,,,clothes,15.8790165,108.3285014
Quang Nam,Tình cờ,,Trần Phú,gift,15.8771581,108.3274159
Quang Nam,Minh Nhi,,Trần Hưng Đạo,clothes,15.8798078,108.3275436
Quang Nam,Loan tân,,Trần Phú,gift,15.8770691,108.3277937
Quang Nam,Amart,,Hai Bà Trưng,convenience,15.881445,108.3259167
Quang Nam,Hiệu vải Thống Phi,,Lê Lợi,gift,15.8786837,108.3285403
Quang Nam,nhà may sơn ca,,Trần Phú,clothes,15.8770619,108.3273973
Quang Nam,New world,,,clothes,15.8765614,108.3289136
Quang Nam,Me Xe Tailor,,Nguyễn Thái Học,clothes,15.8765633,108.328697
Quang Nam,Smart Garden Homestay,Hội An,Hùng Vương,,15.8798106,108.318913
Quang Nam,Ha Ha Art in Everything,,Trần Phú,gift,15.8770382,108.3263072
Quang Nam,,,,,15.8779737,108.3221254
Quang Nam,,,,,15.877043,108.3262645
Quang Nam,,,,clothes,15.8770912,108.3256682
Quang Nam,Than Tú,,,,15.8791224,108.3285891
Quang Nam,Cây nêu,,,,15.8839694,107.4958912
Quang Nam,,,,,15.8872709,107.4920113
Quang Nam,Bánh xe nước,,,,15.8868175,107.4920858
Quang Nam,,,,,15.8851045,107.4938815
Quang Nam,,,,,15.8847859,107.4942631
Quang Nam,Phố Hội Lantern workshop,,Nguyễn Duy Hiệu,art,15.8782127,108.3369602
Quang Nam,The Earth Villa,,,,15.8827523,108.3461086
Quang Nam,,,Trần Hưng Đạo,,15.8799681,108.3273225
Quang Nam,An Nam Shoes Shop,,Hai Bà Trưng,,15.8796541,108.3268472
Quang Nam,Phan Kim Chi Art Gallery,,Lê Lợi,,15.8774754,108.3285499
Quang Nam,Min Min Shop,,Phạm Phú Thứ,clothes,15.887788,108.2516157
Quang Nam,Chợ Đêm,Hội An,Nguyễn Hoàng,,15.8757772,108.3259285
Quang Nam,Bi Bi Silk,,,clothes,15.8784376,108.3283054
Quang Nam,Art Stamps,,,,15.877068,108.3288192
Quang Nam,,,,,15.8773381,108.328701
Quang Nam,Sô.Va Art Hand Embroidery,,Trần Phú,art,15.8770649,108.3279435
Quang Nam,,,,,15.8782503,108.3234844
Quang Nam,,,,,15.8886042,108.3300447
Quang Nam,,,18 Tháng 8,,15.8752292,108.3206763
Quang Nam,GanGaa Boutique & Tailoring,,Trần Cao Vân,,15.8824634,108.3276815
Quang Nam,,,,gift,15.8770414,108.3268904
Quang Nam,,,Nguyễn Thái Học,,15.8766475,108.3299159
Quang Nam,Nocturnal Artist,,Nguyễn Duy Hiệu,,15.8776188,108.3328555
Quang Nam,Réhahn Gallery,,Nguyễn Huệ,art,15.8779774,108.3313287
Quang Nam,Khôi Tailor,,Phan Châu Trinh,,15.8785567,108.3235012
Quang Nam,An An Mart,,Lý Thường Kiệt,supermarket,15.8837218,108.3267504
Quang Nam,Chợ Nam Phước market,Duy Xuyên,,,15.8434221,108.2808133
Quang Nam,Burger Craft,,,,15.8800775,108.3268795
Quang Nam,TyNa,,,clothes,15.876384,108.3323764
Quang Nam,Phố cổ Hội An,,,,15.8784139,108.3234141
Quang Nam,,,,gift,15.8772887,108.3298032
Quang Nam,WinMart+,Hội An,Hoàng Diệu,supermarket,15.8736324,108.3330591
Quang Nam,FPT Shop,,,mobile_phone,15.9353271,108.2547226
Quang Nam,VinMart+,,Đinh Tiên Hoàng,convenience,15.8853922,108.3290244
Quang Nam,,,,gift,15.8756211,108.3258107
Quang Nam,Bao An,,Nguyễn Duy Hiệu,,15.8780106,108.3351569
Quang Nam,,,Trần Hưng Đạo,art,15.8792288,108.3298632
Quang Nam,An Phước,,Phan Châu Trinh,clothes,15.5706515,108.4863311
Quang Nam,Magasin Vân,,,,15.8872885,108.3316994
Quang Nam,,,,,15.8770885,108.3206657
Quang Nam,Canali,,Trần Hưng Đạo,,15.8797949,108.3274192
Quang Nam,,,,,15.7899083,108.1077751
Quang Nam,,,,clothes,15.8766873,108.3305282
Quang Nam,Tap Hoa Long Minimart,,,convenience,15.9139078,108.336476
Quang Nam,,,,department_store,15.8766219,108.3272421
Quang Nam,Mini Mart,,,convenience,15.8799123,108.3246024
Quang Nam,VinMart+,,,convenience,15.8799168,108.3257484
Quang Nam,Hoi An Traditional Art Performance House,,,,15.8760742,108.3296451
Quang Nam,Quan Cao Lau Thanh noodle shop,,Thái Phiên,,15.8816934,108.3283862
Quang Nam,,,,,15.8809498,108.3264674
Quang Nam,Ceramics and lanterns,,,gift,15.8766001,108.3325382
Quang Nam,The Lantern Lady,,,art,15.8768911,108.3354847
Quang Nam,,,,gift,15.878487,108.3318013
Quang Nam,,,,,15.9135878,108.335558
Quang Nam,,,,gift,15.8770786,108.327658
Quang Nam,,,,clothes,15.8798429,108.3271601
Quang Nam,,,,clothes,15.8770957,108.3289412
Quang Nam,,,,clothes,15.8779003,108.3344028
Quang Nam,THÀNH SINH,,Nguyễn Duy Hiệu,,15.8780742,108.3355013
Quang Nam,WinMart+,,,convenience,15.8885105,108.3226657
Quang Nam,Workshop bamboo,,,variety_store,15.8453467,108.3331578
Quang Nam,Workshop Nattes,,,variety_store,15.8514443,108.3493282
Quang Nam,,,,gift,15.8764742,108.3311868
Quang Nam,45 Anh thu,,Hoàng Diệu,,15.8768899,108.3329589
Quang Nam,Chợ Đại Chánh,Đại Lộc,,,15.8059796,108.0402111
Quang Nam,Hoi An Heart Lodge,Hội An,Trần Cao Vân,,15.8808257,108.3272575
Quang Nam,Tượng chó Dòng họ Zơrâm,,,,15.8874611,107.4908654
Quang Nam,Chợ chiều 5 ngàn,,,,15.8857972,107.4906139
Quang Nam,Bến du thuyền Tiệm Rượu Chợ Củi Kẻ Thá,,,,15.8571121,108.2723191
Quang Nam,Đại lý Chuổi $ chị Vân,,,jewelry,15.8265112,108.2158267
Quang Nam,TASY STUDIO,Điện Bàn,36A,,15.9256934,108.2939032
Quang Nam,,,,,15.8752294,108.3390798
Quang Nam,,,,,15.8748014,108.3389259
Quang Nam,,,,,15.8747847,108.3387369
Quang Nam,,,,,15.8750504,108.3387154
Quang Nam,,,,,15.8861651,108.3207248
Quang Nam,Seoul Vua Mi Cay,,,clothes,15.8822989,108.3321691
Quang Nam,Winmart,,,supermarket,15.9323352,108.2546513
Quang Nam,,,Bạch Đằng,clothes,15.8761018,108.3291153
Quang Nam,Sunday in Hoi An,,,gift,15.8771753,108.3262871
Quang Nam,Art Space,,,,15.8773246,108.3357434
Quang Nam,VinMart+,,,convenience,15.881719,108.3489589
Quang Nam,huulala,,,boutique,15.8770566,108.3291954
Quang Nam,Daisu Silk,,,clothes,15.8765149,108.3297294
Quang Nam,Hart,,,gift,15.8765176,108.3297751
Quang Nam,Artbook,,,,15.8779723,108.326669
Quang Nam,722 Hai Bà Trưng,Hoi An,Hai Bà Trưng,gift,15.8782134,108.3266893
Quang Nam,,,,,15.8771628,108.3324782
Quang Nam,,,,,15.8800224,108.328733
Quang Nam,Old propaganda posters,,,art,15.8773577,108.3250026
Quang Nam,Tam Kim,,,gift,15.8766099,108.3311631
Quang Nam,,,,,15.8775199,108.3286828
Quang Nam,,,,clothes,15.8767518,108.3310411
Quang Nam,,,,clothes,15.8800167,108.3267923
Quang Nam,The Coffee Souvenir Shop,,,gift,15.8782195,108.3268152
Quang Nam,,,,art,15.8837292,108.3256694
Quang Nam,Quang Vinh Apartment and Hotel Hoi An,,"Lý Nam Đế, Sơn Phong, Hội An, Quảng Nam 560000",,15.88239,108.3337869
Quang Nam,,,"Trần Cao Vân
Hội An
Vietnam",antiques,15.8807731,108.3278383
Quang Nam,,,"01 Trần Phú, Chợ quần áo Hội An, Hội An, VN 560000",,15.8775043,108.3324047
Quang Nam,,,,,15.8796622,108.3428803
Quang Nam,Fruits and vegetables,,,,15.876183,108.3315667
Quang Nam,Produce,,,,15.891668,108.314232
Quang Nam,Anh Thư - Mini Mart,,,convenience,15.8882438,108.3224903
Quang Nam,,,,,15.864851,108.3243023
Quang Nam,WinMart+,,,supermarket,15.8912714,108.3137122
Quang Nam,Kim Hong Phuc Gold Shop,,Hoang Dieu,jewelry,15.8768224,108.3328827
Quang Nam,Nhu Thao,,Nguyễn Thái Học,clothes,15.8765975,108.3301795
Quang Nam,Thao Nha T&N,,Nguyễn Thái Học,clothes,15.8767036,108.3302107
Quang Nam,Nhat Kim,,Nguyễn Thái Học,clothes,15.8767035,108.3301719
Quang Nam,,,,,15.8751773,108.325737
Quang Nam,,,,,15.8795728,108.3285869
Quang Nam,Lady Buddha,,,,15.8920772,108.3236654
Quang Nam,Lady Buddha,,,,15.8886194,108.3269418
Quang Nam,Elephant,,,,15.8779055,108.3287514
Quang Nam,Elephant,,,,15.8778999,108.328805
Quang Nam,,,,,15.8825797,108.3293479
Quang Nam,,,,,15.8827277,108.3293926
Quang Nam,7 Bridges Hoi An Craft Beer Tap Room,,Trần Phú,,15.8775,108.3309387
Quang Nam,Hữu Nghị Mart,,Nguyễn Thị Minh Khai,convenience,15.8770688,108.325918
Quang Nam,Thy Ly Art Gallery,,Nguyễn Thị Minh Khai,art,15.8770646,108.3258465
Quang Nam,Minimart,,,convenience,15.913633,108.3391832
Quang Nam,Bean Tailor Shop,,Phan Bội Châu,tailor,15.8767456,108.3331398
Quang Nam,CSO Gallery,,Cua Dai,,15.8855958,108.3505685
Quang Nam,Siêu thị CoopMart Tam Kỳ,,,,15.5724283,108.4841421
Quang Nam,,,,,15.9133389,108.3360666
Quang Nam,Precious Heritage Art Gallery Museum,Hội An,Phan Bội Châu,,15.8771754,108.3342411
Quang Nam,,,,gift,15.768684,108.1194555
Quang Nam,La My Custom Tailor,,,,15.8799596,108.3274057
Quang Nam,Hung Dong coasters,,,,15.8773637,108.3303026
Quang Nam,Магазин запчастей для мотоциклов,,,car_parts,15.8798479,108.3518011
Quang Nam,Магазин запчастей для мотоциклов,,,car_parts,15.8792551,108.3214226
Quang Nam,Hanh Nga Mart,,,convenience,15.8848154,108.3300808
Quang Nam,The Blues,,,clothes,15.8822987,108.3318072
Quang Nam,Hiu Mart and Nu's Home baking,,,convenience,15.8799361,108.3259413
Quang Nam,Tron Hoi An Hidden coffee shop,,,,15.8796042,108.3240681
Quang Nam,Tre Vang Bamboo Jaune,,,clothes,15.877037,108.3299645
Quang Nam,WinMart+,,Trần Nhân Tông,convenience,15.8781517,108.344791
Quang Nam,,,,clothes,15.7709876,108.4162677
Quang Nam,WinMart+,,Thửa Đất Số,convenience,15.7452051,108.3741653
Quang Nam,Mini Mart,,,convenience,15.8986237,108.3617435
Quang Ngai,,,,,14.9258808,108.9019211
Quang Ngai,,,,,14.6561901,109.0642543
Quang Ngai,Công ty TNHH NLG THƯỢNG HẢI,,,,14.8124381,108.7554905
Quang Ngai,PNJ,,,jewelry,15.123011,108.8026623
Quang Ngai,PNJ,,,jewelry,15.121013,108.806703
Quang Ngai,shop hải đường 2,,Đại Lộ Hùng Vương,department_store,15.1226963,108.7987792
Quang Ngai,,,,,14.8877641,108.9201365
Quang Ngai,Shop thời trang Mặt Trời Mọc,,,yes,14.8194291,108.9523687
Quang Ngai,An Phước,,Quang Trung,clothes,15.1322705,108.801613
Quang Ngai,Tạp Hoá Phương Mạnh,,Cầu An Lão,department_store,14.5675536,108.9031348
Quang Ngai,Thạch kỳ điếu tẩu,,,,15.2044582,108.9224072
Quang Ngai,Mood Studio,Quảng Ngãi,Làng Rào,clothes,14.9296526,108.5205837
Kon Tum,Chợ trung tâm Pleiku,,,,13.9789735,107.9961475
Kon Tum,Lee and Tee Gia Lai,,Phan Bội Châu,gift,13.9759254,108.0049164
Kon Tum,Dabhkla,,,gift,14.34647,108.0008959
Kon Tum,Kon Tum Martyrs Cemetery,,,,14.3629922,108.0034105
Kon Tum,Sông SeSan,,,,14.3004623,107.8588056
Kon Tum,Bishop of Kontum's Building,,Trần Hưng Đạo,,14.35111,108.01058
Kon Tum,Chợ Sa Thầy,Sa Thầy,,,14.4080323,107.7977683
Kon Tum,PNJ,,,jewelry,13.9749196,107.9967761
Kon Tum,PNJ,,,jewelry,14.3497205,108.0044011
Kon Tum,Siêu Thị Co.opmart Pleiku,Pleiku,Cách Mạng Tháng Tám,supermarket,13.9870183,108.0081747
Kon Tum,Chợ Kon Tum,,Trần Hưng Đạo,department_store,14.3497412,108.0030392
Kon Tum,shopminhoanh.com,,,yes,13.9754921,107.9882971
Kon Tum,Núi Đá,,,,13.9688699,107.9774977
Kon Tum,SHOP GIÀY DÉP NGỌC ÂN - GIA LAI,,,yes,13.9675182,107.9922584
Kon Tum,Net Pet Shop,,,yes,13.9663666,107.9938237
Kon Tum,An Phước,,Trần Hưng Đạo,clothes,14.349932,108.0025452
Kon Tum,An Phước,,Nguyễn Văn Trỗi,clothes,13.9778154,108.0041024
Kon Tum,Đầm bầu AMA,Thành Phố Pleiku,Hùng Vương,clothes,13.9724606,108.0122672
Kon Tum,MIMOSSA,Thành Phố Pleiku,Hùng Vương,clothes,13.9729879,108.0114697
Kon Tum,CATSA GIA LAI,Pleiku,Phan Đình Phùng,clothes,13.9841418,108.0021396
Kon Tum,Thang Loi ward farm,,,,14.3592486,108.0267728
Kon Tum,FPT Shop,,,mobile_phone,14.3497363,108.0054747
Kon Tum,Chợ phường Nguyễn Trãi,,,,14.337893,107.9933757
Kon Tum,Minimart,,,supermarket,14.7042875,107.5629739
Kon Tum,Chợ hoa Xuân,,,,14.3640033,108.0182041
Kon Tum,WinMart,,Hai Bà Trưng,supermarket,13.9796075,107.9960186
Kon Tum,Co.opMart Pleiku Đường Phan Đình Giót,,"Co.opMart Pleiku Đường Phan Đình Giót,",,13.9874546,108.0091552
Kon Tum,Yody,,,clothes,13.9722567,108.0153964
Kon Tum,Quán Thế Âm,,,,14.0401163,107.9998797
